ticker,cotahist_count,latest_price_date,latest_close,cotahist_company_name,traceability_count,trace_domains,ri_docs_count,ri_latest_date,ri_doc_types,data_file_manifest_count,manifest_latest,ai_entry,ai_company_name,ai_sector,ai_market_price,ai_fair_value,ai_valuation_available,ai_integrated_status,gaps,probable_root_cause
ABCB4,845,2026-05-22,28.12,ABC BRASIL,2,"{""REGULATORY"": {""cnt"": 1, ""last"": ""2026-05-12T12:27:36""}, ""VALUATION"": {""cnt"": 1, ""last"": ""2026-05-12T12:27:37""}}",0,,{},145,2026-05-05T20:49:40,False,,,,,,,TRACE_NO_RI; MANIFEST_NO_RI; COTAHIST_NO_AI,CVM_CONNECTOR_NOT_EXECUTED; AI_ENTRY_NOT_CREATED
AERI3,845,2026-05-22,12.1,AERIS,2,"{""REGULATORY"": {""cnt"": 1, ""last"": ""2026-05-12T12:27:36""}, ""VALUATION"": {""cnt"": 1, ""last"": ""2026-05-12T12:27:37""}}",0,,{},69,2026-05-05T15:35:25,False,,,,,,,TRACE_NO_RI; MANIFEST_NO_RI; COTAHIST_NO_AI,CVM_CONNECTOR_NOT_EXECUTED; AI_ENTRY_NOT_CREATED
AESB3,461,2024-10-31,12.69,AES BRASIL,2,"{""REGULATORY"": {""cnt"": 1, ""last"": ""2026-05-12T12:27:36""}, ""VALUATION"": {""cnt"": 1, ""last"": ""2026-05-12T12:27:37""}}",0,,{},104,2026-05-05T19:42:05,False,,,,,,,TRACE_NO_RI; MANIFEST_NO_RI; COTAHIST_NO_AI,CVM_CONNECTOR_NOT_EXECUTED; AI_ENTRY_NOT_CREATED
ALUP11,845,2026-05-22,36.81,ALUPAR,2,"{""REGULATORY"": {""cnt"": 1, ""last"": ""2026-05-12T12:27:36""}, ""VALUATION"": {""cnt"": 1, ""last"": ""2026-05-12T12:27:37""}}",0,,{},81,2026-05-05T15:30:46,False,,,,,,,TRACE_NO_RI; MANIFEST_NO_RI; COTAHIST_NO_AI,BDR_UNSUPPORTED; AI_ENTRY_NOT_CREATED
AMAR3,845,2026-05-22,4.14,LOJAS MARISA,2,"{""REGULATORY"": {""cnt"": 1, ""last"": ""2026-05-12T12:27:36""}, ""VALUATION"": {""cnt"": 1, ""last"": ""2026-05-12T12:27:37""}}",0,,{},84,2026-05-05T16:01:10,False,,,,,,,TRACE_NO_RI; MANIFEST_NO_RI; COTAHIST_NO_AI,CVM_CONNECTOR_NOT_EXECUTED; AI_ENTRY_NOT_CREATED
ASAI3,845,2026-05-22,21.11,ASSAI,2,"{""REGULATORY"": {""cnt"": 1, ""last"": ""2026-05-12T12:27:36""}, ""VALUATION"": {""cnt"": 1, ""last"": ""2026-05-12T12:27:37""}}",0,,{},75,2026-05-05T15:53:24,False,,,,,,,TRACE_NO_RI; MANIFEST_NO_RI; COTAHIST_NO_AI,CVM_CONNECTOR_NOT_EXECUTED; AI_ENTRY_NOT_CREATED
AUAU3,95,2026-05-22,3.9,PETZCOBASI,2,"{""REGULATORY"": {""cnt"": 1, ""last"": ""2026-05-12T12:27:36""}, ""VALUATION"": {""cnt"": 1, ""last"": ""2026-05-12T12:27:37""}}",0,,{},81,2026-05-05T15:59:44,False,,,,,,,TRACE_NO_RI; MANIFEST_NO_RI; COTAHIST_NO_AI,CVM_CONNECTOR_NOT_EXECUTED; AI_ENTRY_NOT_CREATED
AZZA3,450,2026-05-22,55.16,AZZAS 2154,2,"{""REGULATORY"": {""cnt"": 1, ""last"": ""2026-05-12T12:27:36""}, ""VALUATION"": {""cnt"": 1, ""last"": ""2026-05-12T12:27:37""}}",0,,{},78,2026-05-05T16:00:26,False,,,,,,,TRACE_NO_RI; MANIFEST_NO_RI; COTAHIST_NO_AI,CVM_CONNECTOR_NOT_EXECUTED; AI_ENTRY_NOT_CREATED
BBAS3,845,2026-05-22,59.6,BRASIL,2,"{""REGULATORY"": {""cnt"": 1, ""last"": ""2026-05-12T12:27:36""}, ""VALUATION"": {""cnt"": 1, ""last"": ""2026-05-12T12:27:37""}}",121,2121-07-07,"{""COMUNICADO_CVM"": 70, ""FATO_RELEVANTE"": 43, ""RELEASE_RESULTADO"": 8}",249,2026-05-11T18:05:19,True,,,,64.84,1,APENAS_MONITORAR_SOFT_COVERAGE,RI_NO_SECTOR; AI_MISSING_METADATA,AI_METADATA_NOT_POPULATED; AI_METADATA_NOT_POPULATED
BBDC4,845,2026-05-22,21.76,BRADESCO,2,"{""REGULATORY"": {""cnt"": 1, ""last"": ""2026-05-12T12:27:36""}, ""VALUATION"": {""cnt"": 1, ""last"": ""2026-05-12T12:27:37""}}",125,2026-12-31,"{""COMUNICADO_CVM"": 84, ""FATO_RELEVANTE"": 31, ""RELEASE_RESULTADO"": 10}",314,2026-05-11T18:03:15,True,,,,,1,APENAS_MONITORAR_SOFT_COVERAGE,RI_NO_SECTOR; AI_MISSING_METADATA,AI_METADATA_NOT_POPULATED; AI_METADATA_NOT_POPULATED
BHIA3,665,2026-05-22,11.6,CASAS BAHIA,2,"{""REGULATORY"": {""cnt"": 1, ""last"": ""2026-05-12T12:27:36""}, ""VALUATION"": {""cnt"": 1, ""last"": ""2026-05-12T12:27:37""}}",0,,{},84,2026-05-05T15:52:02,False,,,,,,,TRACE_NO_RI; MANIFEST_NO_RI; COTAHIST_NO_AI,CVM_CONNECTOR_NOT_EXECUTED; AI_ENTRY_NOT_CREATED
BPAC11,845,2026-05-22,64.34,BTGP BANCO,2,"{""REGULATORY"": {""cnt"": 1, ""last"": ""2026-05-12T12:27:36""}, ""VALUATION"": {""cnt"": 1, ""last"": ""2026-05-12T12:27:37""}}",0,,{},168,2026-05-11T18:07:57,False,,,,,,,TRACE_NO_RI; MANIFEST_NO_RI; COTAHIST_NO_AI,BDR_UNSUPPORTED; AI_ENTRY_NOT_CREATED
BRIT3,483,2024-12-04,4.75,BRISANET,2,"{""REGULATORY"": {""cnt"": 1, ""last"": ""2026-05-12T12:27:36""}, ""VALUATION"": {""cnt"": 1, ""last"": ""2026-05-12T12:27:37""}}",0,,{},124,2026-05-05T20:25:44,False,,,,,,,TRACE_NO_RI; MANIFEST_NO_RI; COTAHIST_NO_AI,CVM_CONNECTOR_NOT_EXECUTED; AI_ENTRY_NOT_CREATED
BRSR6,845,2026-05-22,19.15,BANRISUL,2,"{""REGULATORY"": {""cnt"": 1, ""last"": ""2026-05-12T12:27:36""}, ""VALUATION"": {""cnt"": 1, ""last"": ""2026-05-12T12:27:37""}}",0,,{},124,2026-05-05T19:26:23,False,,,,,,,TRACE_NO_RI; MANIFEST_NO_RI; COTAHIST_NO_AI,CVM_CONNECTOR_NOT_EXECUTED; AI_ENTRY_NOT_CREATED
CEAB3,845,2026-05-22,20.65,CEA MODAS,2,"{""REGULATORY"": {""cnt"": 1, ""last"": ""2026-05-12T12:27:36""}, ""VALUATION"": {""cnt"": 1, ""last"": ""2026-05-12T12:27:37""}}",0,,{},88,2026-05-05T15:58:49,False,,,,,,,TRACE_NO_RI; MANIFEST_NO_RI; COTAHIST_NO_AI,CVM_CONNECTOR_NOT_EXECUTED; AI_ENTRY_NOT_CREATED
CLSC4,845,2026-05-22,156.89,CELESC,2,"{""REGULATORY"": {""cnt"": 1, ""last"": ""2026-05-12T12:27:36""}, ""VALUATION"": {""cnt"": 1, ""last"": ""2026-05-12T12:27:37""}}",0,,{},84,2026-05-05T15:31:39,False,,,,,,,TRACE_NO_RI; MANIFEST_NO_RI; COTAHIST_NO_AI,CVM_CONNECTOR_NOT_EXECUTED; AI_ENTRY_NOT_CREATED
EGIE3,845,2026-05-22,48.82,ENGIE BRASIL,2,"{""REGULATORY"": {""cnt"": 1, ""last"": ""2026-05-12T12:27:36""}, ""VALUATION"": {""cnt"": 1, ""last"": ""2026-05-12T12:27:37""}}",0,,{},84,2026-05-05T15:27:52,False,,,,,,,TRACE_NO_RI; MANIFEST_NO_RI; COTAHIST_NO_AI,CVM_CONNECTOR_NOT_EXECUTED; AI_ENTRY_NOT_CREATED
ELET3,715,2025-11-07,58.68,ELETROBRAS,2,"{""REGULATORY"": {""cnt"": 1, ""last"": ""2026-05-12T12:27:36""}, ""VALUATION"": {""cnt"": 1, ""last"": ""2026-05-12T12:27:37""}}",0,,{},124,2026-05-05T20:35:13,False,,,,,,,TRACE_NO_RI; MANIFEST_NO_RI; COTAHIST_NO_AI,CVM_CONNECTOR_NOT_EXECUTED; AI_ENTRY_NOT_CREATED
ENBR3,160,2023-08-21,24.8,ENERGIAS BR,2,"{""REGULATORY"": {""cnt"": 1, ""last"": ""2026-05-12T12:27:36""}, ""VALUATION"": {""cnt"": 1, ""last"": ""2026-05-12T12:27:37""}}",0,,{},81,2026-05-05T15:32:18,False,,,,,,,TRACE_NO_RI; MANIFEST_NO_RI; COTAHIST_NO_AI,CVM_CONNECTOR_NOT_EXECUTED; AI_ENTRY_NOT_CREATED
EVEN3,845,2026-05-22,8.98,EVEN,2,"{""REGULATORY"": {""cnt"": 1, ""last"": ""2026-05-12T12:27:36""}, ""VALUATION"": {""cnt"": 1, ""last"": ""2026-05-12T12:27:37""}}",0,,{},84,2026-05-05T15:46:05,False,,,,,,,TRACE_NO_RI; MANIFEST_NO_RI; COTAHIST_NO_AI,CVM_CONNECTOR_NOT_EXECUTED; AI_ENTRY_NOT_CREATED
FIQE3,845,2026-05-22,7.69,UNIFIQUE,2,"{""REGULATORY"": {""cnt"": 1, ""last"": ""2026-05-12T12:27:36""}, ""VALUATION"": {""cnt"": 1, ""last"": ""2026-05-12T12:27:37""}}",0,,{},81,2026-05-05T16:09:43,False,,,,,,,TRACE_NO_RI; MANIFEST_NO_RI; COTAHIST_NO_AI,CVM_CONNECTOR_NOT_EXECUTED; AI_ENTRY_NOT_CREATED
FLRY3,845,2026-05-22,18.58,FLEURY,2,"{""REGULATORY"": {""cnt"": 1, ""last"": ""2026-05-12T12:27:36""}, ""VALUATION"": {""cnt"": 1, ""last"": ""2026-05-12T12:27:37""}}",0,,{},81,2026-05-05T16:10:23,False,,,,,,,TRACE_NO_RI; MANIFEST_NO_RI; COTAHIST_NO_AI,CVM_CONNECTOR_NOT_EXECUTED; AI_ENTRY_NOT_CREATED
HYPE3,845,2026-05-22,46.53,HYPERA,2,"{""REGULATORY"": {""cnt"": 1, ""last"": ""2026-05-12T12:27:36""}, ""VALUATION"": {""cnt"": 1, ""last"": ""2026-05-12T12:27:37""}}",0,,{},78,2026-05-05T16:12:14,False,,,,,,,TRACE_NO_RI; MANIFEST_NO_RI; COTAHIST_NO_AI,CVM_CONNECTOR_NOT_EXECUTED; AI_ENTRY_NOT_CREATED
ITUB4,845,2026-05-22,49.37,ITAUUNIBANCO,2,"{""REGULATORY"": {""cnt"": 1, ""last"": ""2026-05-12T12:27:36""}, ""VALUATION"": {""cnt"": 1, ""last"": ""2026-05-12T12:27:37""}}",125,2026-12-31,"{""COMUNICADO_CVM"": 72, ""FATO_RELEVANTE"": 42, ""RELEASE_RESULTADO"": 11}",168,2026-05-11T18:06:10,True,,,,73.69,1,APENAS_MONITORAR_SOFT_COVERAGE,RI_NO_SECTOR; AI_MISSING_METADATA,AI_METADATA_NOT_POPULATED; AI_METADATA_NOT_POPULATED
JSLG3,845,2026-05-22,13.89,JSL,2,"{""REGULATORY"": {""cnt"": 1, ""last"": ""2026-05-12T12:27:36""}, ""VALUATION"": {""cnt"": 1, ""last"": ""2026-05-12T12:27:37""}}",0,,{},84,2026-05-05T15:41:56,False,,,,,,,TRACE_NO_RI; MANIFEST_NO_RI; COTAHIST_NO_AI,CVM_CONNECTOR_NOT_EXECUTED; AI_ENTRY_NOT_CREATED
KEPL3,845,2026-05-22,23.73,KEPLER WEBER,2,"{""REGULATORY"": {""cnt"": 1, ""last"": ""2026-05-12T12:27:36""}, ""VALUATION"": {""cnt"": 1, ""last"": ""2026-05-12T12:27:37""}}",0,,{},84,2026-05-05T15:36:11,False,,,,,,,TRACE_NO_RI; MANIFEST_NO_RI; COTAHIST_NO_AI,CVM_CONNECTOR_NOT_EXECUTED; AI_ENTRY_NOT_CREATED
KLBN11,845,2026-05-22,25.3,KLABIN S/A,2,"{""REGULATORY"": {""cnt"": 1, ""last"": ""2026-05-12T12:27:36""}, ""VALUATION"": {""cnt"": 1, ""last"": ""2026-05-12T12:27:37""}}",0,,{},84,2026-05-05T15:39:25,False,,,,,,,TRACE_NO_RI; MANIFEST_NO_RI; COTAHIST_NO_AI,BDR_UNSUPPORTED; AI_ENTRY_NOT_CREATED
LAVV3,845,2026-05-22,18.94,LAVVI,2,"{""REGULATORY"": {""cnt"": 1, ""last"": ""2026-05-12T12:27:36""}, ""VALUATION"": {""cnt"": 1, ""last"": ""2026-05-12T12:27:37""}}",0,,{},84,2026-05-05T15:49:33,False,,,,,,,TRACE_NO_RI; MANIFEST_NO_RI; COTAHIST_NO_AI,CVM_CONNECTOR_NOT_EXECUTED; AI_ENTRY_NOT_CREATED
LREN3,845,2026-05-22,22.82,LOJAS RENNER,2,"{""REGULATORY"": {""cnt"": 1, ""last"": ""2026-05-12T12:27:36""}, ""VALUATION"": {""cnt"": 1, ""last"": ""2026-05-12T12:27:37""}}",0,,{},131,2026-05-05T15:50:21,False,,,,,,,TRACE_NO_RI; MANIFEST_NO_RI; COTAHIST_NO_AI,CVM_CONNECTOR_NOT_EXECUTED; AI_ENTRY_NOT_CREATED
LVTC3,687,2025-09-30,8.93,WDC NETWORKS,2,"{""REGULATORY"": {""cnt"": 1, ""last"": ""2026-05-12T12:27:36""}, ""VALUATION"": {""cnt"": 1, ""last"": ""2026-05-12T12:27:37""}}",0,,{},104,2026-05-05T19:47:40,False,,,,,,,TRACE_NO_RI; MANIFEST_NO_RI; COTAHIST_NO_AI,CVM_CONNECTOR_NOT_EXECUTED; AI_ENTRY_NOT_CREATED
MDNE3,845,2026-05-22,34.28,MOURA DUBEUX,2,"{""REGULATORY"": {""cnt"": 1, ""last"": ""2026-05-12T12:27:36""}, ""VALUATION"": {""cnt"": 1, ""last"": ""2026-05-12T12:27:37""}}",0,,{},84,2026-05-05T15:46:47,False,,,,,,,TRACE_NO_RI; MANIFEST_NO_RI; COTAHIST_NO_AI,CVM_CONNECTOR_NOT_EXECUTED; AI_ENTRY_NOT_CREATED
MELK3,845,2026-05-22,5.0,MELNICK,2,"{""REGULATORY"": {""cnt"": 1, ""last"": ""2026-05-12T12:27:36""}, ""VALUATION"": {""cnt"": 1, ""last"": ""2026-05-12T12:27:37""}}",0,,{},78,2026-05-05T15:48:43,False,,,,,,,TRACE_NO_RI; MANIFEST_NO_RI; COTAHIST_NO_AI,CVM_CONNECTOR_NOT_EXECUTED; AI_ENTRY_NOT_CREATED
MGLU3,845,2026-05-22,14.33,MAGAZ LUIZA,2,"{""REGULATORY"": {""cnt"": 1, ""last"": ""2026-05-12T12:27:36""}, ""VALUATION"": {""cnt"": 1, ""last"": ""2026-05-12T12:27:37""}}",0,,{},75,2026-05-05T15:51:16,False,,,,,,,TRACE_NO_RI; MANIFEST_NO_RI; COTAHIST_NO_AI,CVM_CONNECTOR_NOT_EXECUTED; AI_ENTRY_NOT_CREATED
MOVI3,845,2026-05-22,14.98,MOVIDA,2,"{""REGULATORY"": {""cnt"": 1, ""last"": ""2026-05-12T12:27:36""}, ""VALUATION"": {""cnt"": 1, ""last"": ""2026-05-12T12:27:37""}}",0,,{},84,2026-05-05T16:13:51,False,,,,,,,TRACE_NO_RI; MANIFEST_NO_RI; COTAHIST_NO_AI,CVM_CONNECTOR_NOT_EXECUTED; AI_ENTRY_NOT_CREATED
NATU3,223,2026-05-22,10.7,NATURA,2,"{""REGULATORY"": {""cnt"": 1, ""last"": ""2026-05-12T12:27:36""}, ""VALUATION"": {""cnt"": 1, ""last"": ""2026-05-12T12:27:37""}}",0,,{},84,2026-05-05T15:57:54,False,,,,,,,TRACE_NO_RI; MANIFEST_NO_RI; COTAHIST_NO_AI,CVM_CONNECTOR_NOT_EXECUTED; AI_ENTRY_NOT_CREATED
NTCO3,622,2025-07-01,18.75,GRUPO NATURA,1,"{""VALUATION"": {""cnt"": 1, ""last"": ""2026-05-12T12:27:37""}}",0,,{},0,,False,,,,,,,TRACE_NO_RI; COTAHIST_NO_AI,CVM_CONNECTOR_NOT_EXECUTED; AI_ENTRY_NOT_CREATED
PCAR3,845,2026-05-22,22.69,P.ACUCAR-CBD,2,"{""REGULATORY"": {""cnt"": 1, ""last"": ""2026-05-12T12:27:36""}, ""VALUATION"": {""cnt"": 1, ""last"": ""2026-05-12T12:27:37""}}",0,,{},84,2026-05-05T15:54:15,False,,,,,,,TRACE_NO_RI; MANIFEST_NO_RI; COTAHIST_NO_AI,CVM_CONNECTOR_NOT_EXECUTED; AI_ENTRY_NOT_CREATED
PETR4,845,2026-05-22,49.78,PETROBRAS,2,"{""REGULATORY"": {""cnt"": 1, ""last"": ""2026-05-12T12:27:36""}, ""VALUATION"": {""cnt"": 1, ""last"": ""2026-05-12T12:27:37""}}",131,2026-12-31,"{""COMUNICADO_CVM"": 55, ""FATO_RELEVANTE"": 56, ""RELEASE_RESULTADO"": 20}",108,2026-05-05T16:57:52,True,,,,81.12,1,APENAS_MONITORAR_SOFT_COVERAGE,RI_NO_SECTOR; AI_MISSING_METADATA,AI_METADATA_NOT_POPULATED; AI_METADATA_NOT_POPULATED
PETZ3,750,2026-01-02,7.64,PETZ,1,"{""VALUATION"": {""cnt"": 1, ""last"": ""2026-05-12T12:27:37""}}",0,,{},0,,False,,,,,,,TRACE_NO_RI; COTAHIST_NO_AI,CVM_CONNECTOR_NOT_EXECUTED; AI_ENTRY_NOT_CREATED
PLPL3,845,2026-05-22,18.0,PLANOEPLANO,2,"{""REGULATORY"": {""cnt"": 1, ""last"": ""2026-05-12T12:27:36""}, ""VALUATION"": {""cnt"": 1, ""last"": ""2026-05-12T12:27:37""}}",0,,{},84,2026-05-05T15:48:03,False,,,,,,,TRACE_NO_RI; MANIFEST_NO_RI; COTAHIST_NO_AI,CVM_CONNECTOR_NOT_EXECUTED; AI_ENTRY_NOT_CREATED
PRIO3,845,2026-05-22,72.1,PRIO,2,"{""REGULATORY"": {""cnt"": 1, ""last"": ""2026-05-12T12:27:36""}, ""VALUATION"": {""cnt"": 1, ""last"": ""2026-05-12T12:27:37""}}",0,,{},84,2026-05-05T16:16:34,False,,,,,,,TRACE_NO_RI; MANIFEST_NO_RI; COTAHIST_NO_AI,CVM_CONNECTOR_NOT_EXECUTED; AI_ENTRY_NOT_CREATED
RADL3,845,2026-05-22,30.07,RAIADROGASIL,2,"{""REGULATORY"": {""cnt"": 1, ""last"": ""2026-05-12T12:27:36""}, ""VALUATION"": {""cnt"": 1, ""last"": ""2026-05-12T12:27:37""}}",0,,{},84,2026-05-05T16:11:12,False,,,,,,,TRACE_NO_RI; MANIFEST_NO_RI; COTAHIST_NO_AI,CVM_CONNECTOR_NOT_EXECUTED; AI_ENTRY_NOT_CREATED
RAIL3,845,2026-05-22,24.09,RUMO S.A.,2,"{""REGULATORY"": {""cnt"": 1, ""last"": ""2026-05-12T12:27:36""}, ""VALUATION"": {""cnt"": 1, ""last"": ""2026-05-12T12:27:37""}}",0,,{},84,2026-05-05T15:40:55,False,,,,,,,TRACE_NO_RI; MANIFEST_NO_RI; COTAHIST_NO_AI,CVM_CONNECTOR_NOT_EXECUTED; AI_ENTRY_NOT_CREATED
RANI3,845,2026-05-22,13.0,IRANI,2,"{""REGULATORY"": {""cnt"": 1, ""last"": ""2026-05-12T12:27:36""}, ""VALUATION"": {""cnt"": 1, ""last"": ""2026-05-12T12:27:37""}}",0,,{},72,2026-05-05T15:40:12,False,,,,,,,TRACE_NO_RI; MANIFEST_NO_RI; COTAHIST_NO_AI,CVM_CONNECTOR_NOT_EXECUTED; AI_ENTRY_NOT_CREATED
RECV3,845,2026-05-22,33.99,PETRORECSA,2,"{""REGULATORY"": {""cnt"": 1, ""last"": ""2026-05-12T12:27:36""}, ""VALUATION"": {""cnt"": 1, ""last"": ""2026-05-12T12:27:37""}}",0,,{},84,2026-05-05T16:17:23,False,,,,,,,TRACE_NO_RI; MANIFEST_NO_RI; COTAHIST_NO_AI,CVM_CONNECTOR_NOT_EXECUTED; AI_ENTRY_NOT_CREATED
RENT3,845,2026-05-22,70.33,LOCALIZA,2,"{""REGULATORY"": {""cnt"": 1, ""last"": ""2026-05-12T12:27:36""}, ""VALUATION"": {""cnt"": 1, ""last"": ""2026-05-12T12:27:37""}}",0,,{},84,2026-05-05T16:12:58,False,,,,,,,TRACE_NO_RI; MANIFEST_NO_RI; COTAHIST_NO_AI,CVM_CONNECTOR_NOT_EXECUTED; AI_ENTRY_NOT_CREATED
RRRP3,422,2024-09-06,48.77,3R PETROLEUM,2,"{""REGULATORY"": {""cnt"": 1, ""last"": ""2026-05-12T12:27:36""}, ""VALUATION"": {""cnt"": 1, ""last"": ""2026-05-12T12:27:37""}}",0,,{},104,2026-05-05T19:48:26,False,,,,,,,TRACE_NO_RI; MANIFEST_NO_RI; COTAHIST_NO_AI,CVM_CONNECTOR_NOT_EXECUTED; AI_ENTRY_NOT_CREATED
SANB11,845,2026-05-22,37.5,SANTANDER BR,2,"{""REGULATORY"": {""cnt"": 1, ""last"": ""2026-05-12T12:27:36""}, ""VALUATION"": {""cnt"": 1, ""last"": ""2026-05-12T12:27:37""}}",0,,{},154,2026-05-11T18:07:04,False,,,,,,,TRACE_NO_RI; MANIFEST_NO_RI; COTAHIST_NO_AI,BDR_UNSUPPORTED; AI_ENTRY_NOT_CREATED
SAPR11,845,2026-05-22,47.9,SANEPAR,2,"{""REGULATORY"": {""cnt"": 1, ""last"": ""2026-05-12T12:27:36""}, ""VALUATION"": {""cnt"": 1, ""last"": ""2026-05-12T12:27:37""}}",0,,{},81,2026-05-05T16:03:52,False,,,,,,,TRACE_NO_RI; MANIFEST_NO_RI; COTAHIST_NO_AI,BDR_UNSUPPORTED; AI_ENTRY_NOT_CREATED
SBFG3,845,2026-05-22,18.51,GRUPO SBF,2,"{""REGULATORY"": {""cnt"": 1, ""last"": ""2026-05-12T12:27:36""}, ""VALUATION"": {""cnt"": 1, ""last"": ""2026-05-12T12:27:37""}}",0,,{},84,2026-05-05T15:57:09,False,,,,,,,TRACE_NO_RI; MANIFEST_NO_RI; COTAHIST_NO_AI,CVM_CONNECTOR_NOT_EXECUTED; AI_ENTRY_NOT_CREATED
SBSP3,845,2026-05-22,176.04,SABESP,2,"{""REGULATORY"": {""cnt"": 1, ""last"": ""2026-05-12T12:27:36""}, ""VALUATION"": {""cnt"": 1, ""last"": ""2026-05-12T12:27:37""}}",0,,{},84,2026-05-05T16:05:10,False,,,,,,,TRACE_NO_RI; MANIFEST_NO_RI; COTAHIST_NO_AI,CVM_CONNECTOR_NOT_EXECUTED; AI_ENTRY_NOT_CREATED
SIMH3,845,2026-05-22,14.24,SIMPAR,2,"{""REGULATORY"": {""cnt"": 1, ""last"": ""2026-05-12T12:27:36""}, ""VALUATION"": {""cnt"": 1, ""last"": ""2026-05-12T12:27:37""}}",0,,{},84,2026-05-05T15:42:47,False,,,,,,,TRACE_NO_RI; MANIFEST_NO_RI; COTAHIST_NO_AI,CVM_CONNECTOR_NOT_EXECUTED; AI_ENTRY_NOT_CREATED
SOJA3,845,2026-05-22,18.94,BOA SAFRA,2,"{""REGULATORY"": {""cnt"": 1, ""last"": ""2026-05-12T12:27:36""}, ""VALUATION"": {""cnt"": 1, ""last"": ""2026-05-12T12:27:37""}}",0,,{},84,2026-05-05T16:02:38,False,,,,,,,TRACE_NO_RI; MANIFEST_NO_RI; COTAHIST_NO_AI,CVM_CONNECTOR_NOT_EXECUTED; AI_ENTRY_NOT_CREATED
SUZB3,845,2026-05-22,66.65,SUZANO S.A.,2,"{""REGULATORY"": {""cnt"": 1, ""last"": ""2026-05-12T12:27:36""}, ""VALUATION"": {""cnt"": 1, ""last"": ""2026-05-12T12:27:37""}}",0,,{},84,2026-05-05T15:38:42,True,,,,,0,APENAS_MONITORAR_SOFT_COVERAGE,TRACE_NO_RI; MANIFEST_NO_RI; AI_MISSING_METADATA,CVM_CONNECTOR_PARTIAL_NO_CONTENT; AI_METADATA_NOT_POPULATED
TAEE11,845,2026-05-22,45.86,TAESA,2,"{""REGULATORY"": {""cnt"": 1, ""last"": ""2026-05-12T12:27:36""}, ""VALUATION"": {""cnt"": 1, ""last"": ""2026-05-12T12:27:37""}}",0,,{},133,2026-05-05T15:28:29,False,,,,,,,TRACE_NO_RI; MANIFEST_NO_RI; COTAHIST_NO_AI,BDR_UNSUPPORTED; AI_ENTRY_NOT_CREATED
TASA4,845,2026-05-22,17.39,TAURUS ARMAS,2,"{""REGULATORY"": {""cnt"": 1, ""last"": ""2026-05-12T12:27:36""}, ""VALUATION"": {""cnt"": 1, ""last"": ""2026-05-12T12:27:37""}}",0,,{},84,2026-05-05T15:34:44,False,,,,,,,TRACE_NO_RI; MANIFEST_NO_RI; COTAHIST_NO_AI,CVM_CONNECTOR_NOT_EXECUTED; AI_ENTRY_NOT_CREATED
TGMA3,845,2026-05-22,40.48,TEGMA,2,"{""REGULATORY"": {""cnt"": 1, ""last"": ""2026-05-12T12:27:36""}, ""VALUATION"": {""cnt"": 1, ""last"": ""2026-05-12T12:27:37""}}",0,,{},84,2026-05-05T15:45:15,False,,,,,,,TRACE_NO_RI; MANIFEST_NO_RI; COTAHIST_NO_AI,CVM_CONNECTOR_NOT_EXECUTED; AI_ENTRY_NOT_CREATED
TRPL4,471,2024-11-14,27.75,TRAN PAULIST,2,"{""REGULATORY"": {""cnt"": 1, ""last"": ""2026-05-12T12:27:36""}, ""VALUATION"": {""cnt"": 1, ""last"": ""2026-05-12T12:27:37""}}",0,,{},96,2026-05-05T19:44:49,False,,,,,,,TRACE_NO_RI; MANIFEST_NO_RI; COTAHIST_NO_AI,CVM_CONNECTOR_NOT_EXECUTED; AI_ENTRY_NOT_CREATED
TUPY3,845,2026-05-22,29.08,TUPY,2,"{""REGULATORY"": {""cnt"": 1, ""last"": ""2026-05-12T12:27:36""}, ""VALUATION"": {""cnt"": 1, ""last"": ""2026-05-12T12:27:37""}}",0,,{},84,2026-05-05T15:34:07,False,,,,,,,TRACE_NO_RI; MANIFEST_NO_RI; COTAHIST_NO_AI,CVM_CONNECTOR_NOT_EXECUTED; AI_ENTRY_NOT_CREATED
VAMO3,845,2026-05-22,14.76,VAMOS,2,"{""REGULATORY"": {""cnt"": 1, ""last"": ""2026-05-12T12:27:36""}, ""VALUATION"": {""cnt"": 1, ""last"": ""2026-05-12T12:27:37""}}",0,,{},84,2026-05-05T16:14:43,False,,,,,,,TRACE_NO_RI; MANIFEST_NO_RI; COTAHIST_NO_AI,CVM_CONNECTOR_NOT_EXECUTED; AI_ENTRY_NOT_CREATED
VIVA3,845,2026-05-22,36.1,VIVARA S.A.,2,"{""REGULATORY"": {""cnt"": 1, ""last"": ""2026-05-12T12:27:36""}, ""VALUATION"": {""cnt"": 1, ""last"": ""2026-05-12T12:27:37""}}",0,,{},81,2026-05-05T15:54:58,False,,,,,,,TRACE_NO_RI; MANIFEST_NO_RI; COTAHIST_NO_AI,CVM_CONNECTOR_NOT_EXECUTED; AI_ENTRY_NOT_CREATED
VIVT3,845,2026-05-22,56.46,TELEF BRASIL,2,"{""REGULATORY"": {""cnt"": 1, ""last"": ""2026-05-12T12:27:36""}, ""VALUATION"": {""cnt"": 1, ""last"": ""2026-05-12T12:27:37""}}",0,,{},81,2026-05-05T16:06:13,False,,,,,,,TRACE_NO_RI; MANIFEST_NO_RI; COTAHIST_NO_AI,CVM_CONNECTOR_NOT_EXECUTED; AI_ENTRY_NOT_CREATED
WEGE3,845,2026-05-22,58.55,WEG,2,"{""REGULATORY"": {""cnt"": 1, ""last"": ""2026-05-12T12:27:36""}, ""VALUATION"": {""cnt"": 1, ""last"": ""2026-05-12T12:27:37""}}",124,2026-12-31,"{""COMUNICADO_CVM"": 74, ""FATO_RELEVANTE"": 36, ""RELEASE_RESULTADO"": 14}",315,2026-05-05T15:33:11,True,,,,40.16,1,APENAS_MONITORAR_SOFT_COVERAGE,RI_NO_SECTOR; AI_MISSING_METADATA,AI_METADATA_NOT_POPULATED; AI_METADATA_NOT_POPULATED
