filename,size_bytes,tipo,delimiter,n_lines,n_columns,header,columns_list,sample_source
ABCB4_DFP_dfp_cia_aberta_2025.csv,278,INDEX_DFP,?,-1,0,ERROR,,sampled_from_type
ABCB4_DFP_dfp_cia_aberta_BPA_ind_2025.csv,24580,BPA_IND,?,-1,0,ERROR,,sampled_from_type
ABCB4_DFP_dfp_cia_aberta_BPP_ind_2025.csv,27064,BPP_IND,?,-1,0,ERROR,,sampled_from_type
ABCB4_ITR_itr_cia_aberta_2025.csv,878,INDEX_ITR,?,-1,0,ERROR,,sampled_from_type
ABCB4_ITR_itr_cia_aberta_BPA_ind_2025.csv,73481,BPA_IND,?,-1,0,ERROR,,sampled_from_type
ABCB4_ITR_itr_cia_aberta_BPP_ind_2025.csv,76827,BPP_IND,?,-1,0,ERROR,,sampled_from_type
ABEV3_DFP_dfp_cia_aberta_2025.csv,269,INDEX_DFP,?,-1,0,ERROR,,sampled_from_type
ABEV3_DFP_dfp_cia_aberta_BPA_con_2025.csv,29875,BPA_CON,?,-1,0,ERROR,,sampled_from_type
ABEV3_DFP_dfp_cia_aberta_BPA_ind_2025.csv,29056,BPA_IND,?,-1,0,ERROR,,sampled_from_type
ABEV3_DFP_dfp_cia_aberta_BPP_con_2025.csv,52416,BPP_CON,?,-1,0,ERROR,,sampled_from_type
ABEV3_DFP_dfp_cia_aberta_BPP_ind_2025.csv,52582,BPP_IND,?,-1,0,ERROR,,sampled_from_type
ABEV3_ITR_itr_cia_aberta_2025.csv,651,INDEX_ITR,?,-1,0,ERROR,,sampled_from_type
ABEV3_ITR_itr_cia_aberta_BPA_con_2025.csv,89335,BPA_CON,?,-1,0,ERROR,,sampled_from_type
ABEV3_ITR_itr_cia_aberta_BPA_ind_2025.csv,86903,BPA_IND,?,-1,0,ERROR,,sampled_from_type
ABEV3_ITR_itr_cia_aberta_BPP_con_2025.csv,156987,BPP_CON,?,-1,0,ERROR,,sampled_from_type
ABEV3_ITR_itr_cia_aberta_BPP_ind_2025.csv,157482,BPP_IND,?,-1,0,ERROR,,sampled_from_type
ALOS3_DFP_dfp_cia_aberta_2025.csv,269,INDEX_DFP,?,-1,0,ERROR,,sampled_from_type
ALOS3_DFP_dfp_cia_aberta_BPA_con_2025.csv,25692,BPA_CON,?,-1,0,ERROR,,sampled_from_type
ALOS3_DFP_dfp_cia_aberta_BPA_ind_2025.csv,25180,BPA_IND,?,-1,0,ERROR,,sampled_from_type
ALOS3_DFP_dfp_cia_aberta_BPP_con_2025.csv,43506,BPP_CON,?,-1,0,ERROR,,sampled_from_type
ALOS3_DFP_dfp_cia_aberta_BPP_ind_2025.csv,43541,BPP_IND,?,-1,0,ERROR,,sampled_from_type
ALOS3_ITR_itr_cia_aberta_2025.csv,651,INDEX_ITR,?,-1,0,ERROR,,sampled_from_type
ALOS3_ITR_itr_cia_aberta_BPA_con_2025.csv,76816,BPA_CON,?,-1,0,ERROR,,sampled_from_type
ALOS3_ITR_itr_cia_aberta_BPA_ind_2025.csv,75271,BPA_IND,?,-1,0,ERROR,,sampled_from_type
ALOS3_ITR_itr_cia_aberta_BPP_con_2025.csv,130593,BPP_CON,?,-1,0,ERROR,,sampled_from_type
ALOS3_ITR_itr_cia_aberta_BPP_ind_2025.csv,130708,BPP_IND,?,-1,0,ERROR,,sampled_from_type
AMOB3_DFP_dfp_cia_aberta_2025.csv,287,INDEX_DFP,?,-1,0,ERROR,,sampled_from_type
AMOB3_DFP_dfp_cia_aberta_BPA_con_2025.csv,27063,BPA_CON,?,-1,0,ERROR,,sampled_from_type
AMOB3_DFP_dfp_cia_aberta_BPA_ind_2025.csv,26069,BPA_IND,?,-1,0,ERROR,,sampled_from_type
AMOB3_DFP_dfp_cia_aberta_BPP_con_2025.csv,46985,BPP_CON,?,-1,0,ERROR,,sampled_from_type
AMOB3_DFP_dfp_cia_aberta_BPP_ind_2025.csv,43177,BPP_IND,?,-1,0,ERROR,,sampled_from_type
AMOB3_ITR_itr_cia_aberta_2025.csv,705,INDEX_ITR,?,-1,0,ERROR,,sampled_from_type
AMOB3_ITR_itr_cia_aberta_BPA_con_2025.csv,84551,BPA_CON,?,-1,0,ERROR,,sampled_from_type
AMOB3_ITR_itr_cia_aberta_BPA_ind_2025.csv,77982,BPA_IND,?,-1,0,ERROR,,sampled_from_type
AMOB3_ITR_itr_cia_aberta_BPP_con_2025.csv,144223,BPP_CON,?,-1,0,ERROR,,sampled_from_type
AMOB3_ITR_itr_cia_aberta_BPP_ind_2025.csv,131599,BPP_IND,?,-1,0,ERROR,,sampled_from_type
AURE3_DFP_dfp_cia_aberta_2025.csv,277,INDEX_DFP,?,-1,0,ERROR,,sampled_from_type
AURE3_DFP_dfp_cia_aberta_BPA_con_2025.csv,30262,BPA_CON,?,-1,0,ERROR,,sampled_from_type
AURE3_DFP_dfp_cia_aberta_BPA_ind_2025.csv,29092,BPA_IND,?,-1,0,ERROR,,sampled_from_type
AURE3_DFP_dfp_cia_aberta_BPP_con_2025.csv,47763,BPP_CON,?,-1,0,ERROR,,sampled_from_type
AURE3_DFP_dfp_cia_aberta_BPP_ind_2025.csv,46770,BPP_IND,?,-1,0,ERROR,,sampled_from_type
AURE3_ITR_itr_cia_aberta_2025.csv,675,INDEX_ITR,?,-1,0,ERROR,,sampled_from_type
AURE3_ITR_itr_cia_aberta_BPA_con_2025.csv,86688,BPA_CON,?,-1,0,ERROR,,sampled_from_type
AURE3_ITR_itr_cia_aberta_BPA_ind_2025.csv,86966,BPA_IND,?,-1,0,ERROR,,sampled_from_type
AURE3_ITR_itr_cia_aberta_BPP_con_2025.csv,140459,BPP_CON,?,-1,0,ERROR,,sampled_from_type
AURE3_ITR_itr_cia_aberta_BPP_ind_2025.csv,140065,BPP_IND,?,-1,0,ERROR,,sampled_from_type
AXIA3_DFP_dfp_cia_aberta_2025.csv,295,INDEX_DFP,?,-1,0,ERROR,,sampled_from_type
AXIA3_DFP_dfp_cia_aberta_BPA_con_2025.csv,34564,BPA_CON,?,-1,0,ERROR,,sampled_from_type
AXIA3_DFP_dfp_cia_aberta_BPA_ind_2025.csv,35685,BPA_IND,?,-1,0,ERROR,,sampled_from_type
AXIA3_DFP_dfp_cia_aberta_BPP_con_2025.csv,59279,BPP_CON,?,-1,0,ERROR,,sampled_from_type
AXIA3_DFP_dfp_cia_aberta_BPP_ind_2025.csv,57073,BPP_IND,?,-1,0,ERROR,,sampled_from_type
AXIA3_ITR_itr_cia_aberta_2025.csv,870,INDEX_ITR,?,-1,0,ERROR,,sampled_from_type
AXIA3_ITR_itr_cia_aberta_BPA_con_2025.csv,96850,BPA_CON,?,-1,0,ERROR,,sampled_from_type
AXIA3_ITR_itr_cia_aberta_BPA_ind_2025.csv,93738,BPA_IND,?,-1,0,ERROR,,sampled_from_type
AXIA3_ITR_itr_cia_aberta_BPP_con_2025.csv,160120,BPP_CON,?,-1,0,ERROR,,sampled_from_type
AXIA3_ITR_itr_cia_aberta_BPP_ind_2025.csv,154747,BPP_IND,?,-1,0,ERROR,,sampled_from_type
AZUL4_DFP_dfp_cia_aberta_2025.csv,648,INDEX_DFP,?,-1,0,ERROR,,sampled_from_type
AZUL4_DFP_dfp_cia_aberta_BPA_con_2025.csv,24613,BPA_CON,?,-1,0,ERROR,,sampled_from_type
AZUL4_DFP_dfp_cia_aberta_BPA_ind_2025.csv,22582,BPA_IND,?,-1,0,ERROR,,sampled_from_type
AZUL4_DFP_dfp_cia_aberta_BPP_con_2025.csv,43361,BPP_CON,?,-1,0,ERROR,,sampled_from_type
AZUL4_DFP_dfp_cia_aberta_BPP_ind_2025.csv,40961,BPP_IND,?,-1,0,ERROR,,sampled_from_type
AZUL4_ITR_itr_cia_aberta_2025.csv,648,INDEX_ITR,?,-1,0,ERROR,,sampled_from_type
AZUL4_ITR_itr_cia_aberta_BPA_con_2025.csv,68417,BPA_CON,?,-1,0,ERROR,,sampled_from_type
AZUL4_ITR_itr_cia_aberta_BPA_ind_2025.csv,65694,BPA_IND,?,-1,0,ERROR,,sampled_from_type
AZUL4_ITR_itr_cia_aberta_BPP_con_2025.csv,128082,BPP_CON,?,-1,0,ERROR,,sampled_from_type
AZUL4_ITR_itr_cia_aberta_BPP_ind_2025.csv,122220,BPP_IND,?,-1,0,ERROR,,sampled_from_type
AZZA3_DFP_dfp_cia_aberta_2025.csv,274,INDEX_DFP,?,-1,0,ERROR,,sampled_from_type
AZZA3_DFP_dfp_cia_aberta_BPA_con_2025.csv,27441,BPA_CON,?,-1,0,ERROR,,sampled_from_type
AZZA3_DFP_dfp_cia_aberta_BPA_ind_2025.csv,27344,BPA_IND,?,-1,0,ERROR,,sampled_from_type
AZZA3_DFP_dfp_cia_aberta_BPP_con_2025.csv,45464,BPP_CON,?,-1,0,ERROR,,sampled_from_type
AZZA3_DFP_dfp_cia_aberta_BPP_ind_2025.csv,45493,BPP_IND,?,-1,0,ERROR,,sampled_from_type
AZZA3_ITR_itr_cia_aberta_2025.csv,666,INDEX_ITR,?,-1,0,ERROR,,sampled_from_type
AZZA3_ITR_itr_cia_aberta_BPA_con_2025.csv,82056,BPA_CON,?,-1,0,ERROR,,sampled_from_type
AZZA3_ITR_itr_cia_aberta_BPA_ind_2025.csv,81767,BPA_IND,?,-1,0,ERROR,,sampled_from_type
AZZA3_ITR_itr_cia_aberta_BPP_con_2025.csv,135711,BPP_CON,?,-1,0,ERROR,,sampled_from_type
AZZA3_ITR_itr_cia_aberta_BPP_ind_2025.csv,137652,BPP_IND,?,-1,0,ERROR,,sampled_from_type
B3SA3_DFP_dfp_cia_aberta_2025.csv,293,INDEX_DFP,?,-1,0,ERROR,,sampled_from_type
B3SA3_DFP_dfp_cia_aberta_BPA_con_2025.csv,26514,BPA_CON,?,-1,0,ERROR,,sampled_from_type
B3SA3_DFP_dfp_cia_aberta_BPA_ind_2025.csv,26826,BPA_IND,?,-1,0,ERROR,,sampled_from_type
B3SA3_DFP_dfp_cia_aberta_BPP_con_2025.csv,46407,BPP_CON,?,-1,0,ERROR,,sampled_from_type
B3SA3_DFP_dfp_cia_aberta_BPP_ind_2025.csv,46062,BPP_IND,?,-1,0,ERROR,,sampled_from_type
B3SA3_ITR_itr_cia_aberta_2025.csv,723,INDEX_ITR,?,-1,0,ERROR,,sampled_from_type
B3SA3_ITR_itr_cia_aberta_BPA_con_2025.csv,79271,BPA_CON,?,-1,0,ERROR,,sampled_from_type
B3SA3_ITR_itr_cia_aberta_BPA_ind_2025.csv,80194,BPA_IND,?,-1,0,ERROR,,sampled_from_type
B3SA3_ITR_itr_cia_aberta_BPP_con_2025.csv,140242,BPP_CON,?,-1,0,ERROR,,sampled_from_type
B3SA3_ITR_itr_cia_aberta_BPP_ind_2025.csv,140583,BPP_IND,?,-1,0,ERROR,,sampled_from_type
BBAS3_DFP_dfp_cia_aberta_2025.csv,274,INDEX_DFP,?,-1,0,ERROR,,sampled_from_type
BBAS3_DFP_dfp_cia_aberta_BPA_con_2025.csv,15555,BPA_CON,?,-1,0,ERROR,,sampled_from_type
BBAS3_DFP_dfp_cia_aberta_BPA_ind_2025.csv,17993,BPA_IND,?,-1,0,ERROR,,sampled_from_type
BBAS3_DFP_dfp_cia_aberta_BPP_con_2025.csv,16366,BPP_CON,?,-1,0,ERROR,,sampled_from_type
BBAS3_DFP_dfp_cia_aberta_BPP_ind_2025.csv,17574,BPP_IND,?,-1,0,ERROR,,sampled_from_type
BBAS3_ITR_itr_cia_aberta_2025.csv,666,INDEX_ITR,?,-1,0,ERROR,,sampled_from_type
BBAS3_ITR_itr_cia_aberta_BPA_con_2025.csv,46384,BPA_CON,?,-1,0,ERROR,,sampled_from_type
BBAS3_ITR_itr_cia_aberta_BPA_ind_2025.csv,53697,BPA_IND,?,-1,0,ERROR,,sampled_from_type
BBAS3_ITR_itr_cia_aberta_BPP_con_2025.csv,47752,BPP_CON,?,-1,0,ERROR,,sampled_from_type
BBAS3_ITR_itr_cia_aberta_BPP_ind_2025.csv,52459,BPP_IND,?,-1,0,ERROR,,sampled_from_type
BBDC4_DFP_dfp_cia_aberta_2025.csv,474,INDEX_DFP,?,-1,0,ERROR,,sampled_from_type
BBDC4_DFP_dfp_cia_aberta_BPA_con_2025.csv,15757,BPA_CON,?,-1,0,ERROR,,sampled_from_type
BBDC4_DFP_dfp_cia_aberta_BPA_ind_2025.csv,16199,BPA_IND,?,-1,0,ERROR,,sampled_from_type
BBDC4_DFP_dfp_cia_aberta_BPP_con_2025.csv,16749,BPP_CON,?,-1,0,ERROR,,sampled_from_type
BBDC4_DFP_dfp_cia_aberta_BPP_ind_2025.csv,17091,BPP_IND,?,-1,0,ERROR,,sampled_from_type
BBDC4_ITR_itr_cia_aberta_2025.csv,672,INDEX_ITR,?,-1,0,ERROR,,sampled_from_type
BBDC4_ITR_itr_cia_aberta_BPA_con_2025.csv,47444,BPA_CON,?,-1,0,ERROR,,sampled_from_type
BBDC4_ITR_itr_cia_aberta_BPA_ind_2025.csv,47909,BPA_IND,?,-1,0,ERROR,,sampled_from_type
BBDC4_ITR_itr_cia_aberta_BPP_con_2025.csv,49978,BPP_CON,?,-1,0,ERROR,,sampled_from_type
BBDC4_ITR_itr_cia_aberta_BPP_ind_2025.csv,51015,BPP_IND,?,-1,0,ERROR,,sampled_from_type
BBSE3_DFP_dfp_cia_aberta_2025.csv,293,INDEX_DFP,?,-1,0,ERROR,,sampled_from_type
BBSE3_DFP_dfp_cia_aberta_BPA_con_2025.csv,28507,BPA_CON,?,-1,0,ERROR,,sampled_from_type
BBSE3_DFP_dfp_cia_aberta_BPA_ind_2025.csv,27513,BPA_IND,?,-1,0,ERROR,,sampled_from_type
BBSE3_DFP_dfp_cia_aberta_BPP_con_2025.csv,29847,BPP_CON,?,-1,0,ERROR,,sampled_from_type
BBSE3_DFP_dfp_cia_aberta_BPP_ind_2025.csv,29170,BPP_IND,?,-1,0,ERROR,,sampled_from_type
BBSE3_ITR_itr_cia_aberta_2025.csv,723,INDEX_ITR,?,-1,0,ERROR,,sampled_from_type
BBSE3_ITR_itr_cia_aberta_BPA_con_2025.csv,85262,BPA_CON,?,-1,0,ERROR,,sampled_from_type
BBSE3_ITR_itr_cia_aberta_BPA_ind_2025.csv,82253,BPA_IND,?,-1,0,ERROR,,sampled_from_type
BBSE3_ITR_itr_cia_aberta_BPP_con_2025.csv,89270,BPP_CON,?,-1,0,ERROR,,sampled_from_type
BBSE3_ITR_itr_cia_aberta_BPP_ind_2025.csv,87224,BPP_IND,?,-1,0,ERROR,,sampled_from_type
BEEF3_DFP_dfp_cia_aberta_2025.csv,271,INDEX_DFP,?,-1,0,ERROR,,sampled_from_type
BEEF3_DFP_dfp_cia_aberta_BPA_con_2025.csv,26669,BPA_CON,?,-1,0,ERROR,,sampled_from_type
BEEF3_DFP_dfp_cia_aberta_BPA_ind_2025.csv,24373,BPA_IND,?,-1,0,ERROR,,sampled_from_type
BEEF3_DFP_dfp_cia_aberta_BPP_con_2025.csv,41307,BPP_CON,?,-1,0,ERROR,,sampled_from_type
BEEF3_DFP_dfp_cia_aberta_BPP_ind_2025.csv,41776,BPP_IND,?,-1,0,ERROR,,sampled_from_type
BEEF3_ITR_itr_cia_aberta_2025.csv,657,INDEX_ITR,?,-1,0,ERROR,,sampled_from_type
BEEF3_ITR_itr_cia_aberta_BPA_con_2025.csv,79727,BPA_CON,?,-1,0,ERROR,,sampled_from_type
BEEF3_ITR_itr_cia_aberta_BPA_ind_2025.csv,72846,BPA_IND,?,-1,0,ERROR,,sampled_from_type
BEEF3_ITR_itr_cia_aberta_BPP_con_2025.csv,123624,BPP_CON,?,-1,0,ERROR,,sampled_from_type
BEEF3_ITR_itr_cia_aberta_BPP_ind_2025.csv,125074,BPP_IND,?,-1,0,ERROR,,sampled_from_type
BMGB4_DFP_dfp_cia_aberta_2025.csv,272,INDEX_DFP,?,-1,0,ERROR,,sampled_from_type
BMGB4_DFP_dfp_cia_aberta_BPA_con_2025.csv,14735,BPA_CON,?,-1,0,ERROR,,sampled_from_type
BMGB4_DFP_dfp_cia_aberta_BPA_ind_2025.csv,17784,BPA_IND,?,-1,0,ERROR,,sampled_from_type
BMGB4_DFP_dfp_cia_aberta_BPP_con_2025.csv,17728,BPP_CON,?,-1,0,ERROR,,sampled_from_type
BMGB4_DFP_dfp_cia_aberta_BPP_ind_2025.csv,18892,BPP_IND,?,-1,0,ERROR,,sampled_from_type
BMGB4_ITR_itr_cia_aberta_2025.csv,854,INDEX_ITR,?,-1,0,ERROR,,sampled_from_type
BMGB4_ITR_itr_cia_aberta_BPA_con_2025.csv,43934,BPA_CON,?,-1,0,ERROR,,sampled_from_type
BMGB4_ITR_itr_cia_aberta_BPA_ind_2025.csv,54695,BPA_IND,?,-1,0,ERROR,,sampled_from_type
BMGB4_ITR_itr_cia_aberta_BPP_con_2025.csv,52908,BPP_CON,?,-1,0,ERROR,,sampled_from_type
BMGB4_ITR_itr_cia_aberta_BPP_ind_2025.csv,56384,BPP_IND,?,-1,0,ERROR,,sampled_from_type
BPAC11_DFP_dfp_cia_aberta_2025.csv,480,INDEX_DFP,?,-1,0,ERROR,,sampled_from_type
BPAC11_DFP_dfp_cia_aberta_BPA_con_2025.csv,11959,BPA_CON,?,-1,0,ERROR,,sampled_from_type
BPAC11_DFP_dfp_cia_aberta_BPA_ind_2025.csv,30432,BPA_IND,?,-1,0,ERROR,,sampled_from_type
BPAC11_DFP_dfp_cia_aberta_BPP_con_2025.csv,18590,BPP_CON,?,-1,0,ERROR,,sampled_from_type
BPAC11_DFP_dfp_cia_aberta_BPP_ind_2025.csv,28256,BPP_IND,?,-1,0,ERROR,,sampled_from_type
BPAC11_ITR_itr_cia_aberta_2025.csv,2289,INDEX_ITR,?,-1,0,ERROR,,sampled_from_type
BPAC11_ITR_itr_cia_aberta_BPA_con_2025.csv,35900,BPA_CON,?,-1,0,ERROR,,sampled_from_type
BPAC11_ITR_itr_cia_aberta_BPA_ind_2025.csv,89205,BPA_IND,?,-1,0,ERROR,,sampled_from_type
BPAC11_ITR_itr_cia_aberta_BPP_con_2025.csv,54787,BPP_CON,?,-1,0,ERROR,,sampled_from_type
BPAC11_ITR_itr_cia_aberta_BPP_ind_2025.csv,88910,BPP_IND,?,-1,0,ERROR,,sampled_from_type
BPAN4_ITR_itr_cia_aberta_2025.csv,657,INDEX_ITR,?,-1,0,ERROR,,sampled_from_type
BPAN4_ITR_itr_cia_aberta_BPA_con_2025.csv,47319,BPA_CON,?,-1,0,ERROR,,sampled_from_type
BPAN4_ITR_itr_cia_aberta_BPA_ind_2025.csv,55654,BPA_IND,?,-1,0,ERROR,,sampled_from_type
BPAN4_ITR_itr_cia_aberta_BPP_con_2025.csv,51473,BPP_CON,?,-1,0,ERROR,,sampled_from_type
BPAN4_ITR_itr_cia_aberta_BPP_ind_2025.csv,56409,BPP_IND,?,-1,0,ERROR,,sampled_from_type
BRAP4_DFP_dfp_cia_aberta_2025.csv,273,INDEX_DFP,?,-1,0,ERROR,,sampled_from_type
BRAP4_DFP_dfp_cia_aberta_BPA_ind_2025.csv,22953,BPA_IND,?,-1,0,ERROR,,sampled_from_type
BRAP4_DFP_dfp_cia_aberta_BPP_ind_2025.csv,39001,BPP_IND,?,-1,0,ERROR,,sampled_from_type
BRAP4_ITR_itr_cia_aberta_2025.csv,663,INDEX_ITR,?,-1,0,ERROR,,sampled_from_type
BRAP4_ITR_itr_cia_aberta_BPA_ind_2025.csv,68530,BPA_IND,?,-1,0,ERROR,,sampled_from_type
BRAP4_ITR_itr_cia_aberta_BPP_ind_2025.csv,116737,BPP_IND,?,-1,0,ERROR,,sampled_from_type
BRAV3_DFP_dfp_cia_aberta_2025.csv,277,INDEX_DFP,?,-1,0,ERROR,,sampled_from_type
BRAV3_DFP_dfp_cia_aberta_BPA_con_2025.csv,28202,BPA_CON,?,-1,0,ERROR,,sampled_from_type
BRAV3_DFP_dfp_cia_aberta_BPA_ind_2025.csv,26983,BPA_IND,?,-1,0,ERROR,,sampled_from_type
BRAV3_DFP_dfp_cia_aberta_BPP_con_2025.csv,46915,BPP_CON,?,-1,0,ERROR,,sampled_from_type
BRAV3_DFP_dfp_cia_aberta_BPP_ind_2025.csv,46113,BPP_IND,?,-1,0,ERROR,,sampled_from_type
BRAV3_ITR_itr_cia_aberta_2025.csv,675,INDEX_ITR,?,-1,0,ERROR,,sampled_from_type
BRAV3_ITR_itr_cia_aberta_BPA_con_2025.csv,84686,BPA_CON,?,-1,0,ERROR,,sampled_from_type
BRAV3_ITR_itr_cia_aberta_BPA_ind_2025.csv,80441,BPA_IND,?,-1,0,ERROR,,sampled_from_type
BRAV3_ITR_itr_cia_aberta_BPP_con_2025.csv,138002,BPP_CON,?,-1,0,ERROR,,sampled_from_type
BRAV3_ITR_itr_cia_aberta_BPP_ind_2025.csv,132587,BPP_IND,?,-1,0,ERROR,,sampled_from_type
BRFS3_DFP_dfp_cia_aberta_2025.csv,267,INDEX_DFP,?,-1,0,ERROR,,sampled_from_type
BRFS3_DFP_dfp_cia_aberta_BPA_con_2025.csv,29534,BPA_CON,?,-1,0,ERROR,,sampled_from_type
BRFS3_DFP_dfp_cia_aberta_BPA_ind_2025.csv,27643,BPA_IND,?,-1,0,ERROR,,sampled_from_type
BRFS3_DFP_dfp_cia_aberta_BPP_con_2025.csv,52289,BPP_CON,?,-1,0,ERROR,,sampled_from_type
BRFS3_DFP_dfp_cia_aberta_BPP_ind_2025.csv,52241,BPP_IND,?,-1,0,ERROR,,sampled_from_type
BRFS3_ITR_itr_cia_aberta_2025.csv,645,INDEX_ITR,?,-1,0,ERROR,,sampled_from_type
BRFS3_ITR_itr_cia_aberta_BPA_con_2025.csv,102319,BPA_CON,?,-1,0,ERROR,,sampled_from_type
BRFS3_ITR_itr_cia_aberta_BPA_ind_2025.csv,99028,BPA_IND,?,-1,0,ERROR,,sampled_from_type
BRFS3_ITR_itr_cia_aberta_BPP_con_2025.csv,159761,BPP_CON,?,-1,0,ERROR,,sampled_from_type
BRFS3_ITR_itr_cia_aberta_BPP_ind_2025.csv,158449,BPP_IND,?,-1,0,ERROR,,sampled_from_type
BRKM5_DFP_dfp_cia_aberta_2025.csv,271,INDEX_DFP,?,-1,0,ERROR,,sampled_from_type
BRKM5_DFP_dfp_cia_aberta_BPA_con_2025.csv,26313,BPA_CON,?,-1,0,ERROR,,sampled_from_type
BRKM5_DFP_dfp_cia_aberta_BPA_ind_2025.csv,26581,BPA_IND,?,-1,0,ERROR,,sampled_from_type
BRKM5_DFP_dfp_cia_aberta_BPP_con_2025.csv,50758,BPP_CON,?,-1,0,ERROR,,sampled_from_type
BRKM5_DFP_dfp_cia_aberta_BPP_ind_2025.csv,51097,BPP_IND,?,-1,0,ERROR,,sampled_from_type
BRKM5_ITR_itr_cia_aberta_2025.csv,850,INDEX_ITR,?,-1,0,ERROR,,sampled_from_type
BRKM5_ITR_itr_cia_aberta_BPA_con_2025.csv,77918,BPA_CON,?,-1,0,ERROR,,sampled_from_type
BRKM5_ITR_itr_cia_aberta_BPA_ind_2025.csv,79499,BPA_IND,?,-1,0,ERROR,,sampled_from_type
BRKM5_ITR_itr_cia_aberta_BPP_con_2025.csv,156355,BPP_CON,?,-1,0,ERROR,,sampled_from_type
BRKM5_ITR_itr_cia_aberta_BPP_ind_2025.csv,151591,BPP_IND,?,-1,0,ERROR,,sampled_from_type
BRSR6_DFP_dfp_cia_aberta_2025.csv,295,INDEX_DFP,?,-1,0,ERROR,,sampled_from_type
BRSR6_DFP_dfp_cia_aberta_BPA_con_2025.csv,19741,BPA_CON,?,-1,0,ERROR,,sampled_from_type
BRSR6_DFP_dfp_cia_aberta_BPA_ind_2025.csv,19954,BPA_IND,?,-1,0,ERROR,,sampled_from_type
BRSR6_DFP_dfp_cia_aberta_BPP_con_2025.csv,23385,BPP_CON,?,-1,0,ERROR,,sampled_from_type
BRSR6_DFP_dfp_cia_aberta_BPP_ind_2025.csv,22351,BPP_IND,?,-1,0,ERROR,,sampled_from_type
BRSR6_ITR_itr_cia_aberta_2025.csv,738,INDEX_ITR,?,-1,0,ERROR,,sampled_from_type
BRSR6_ITR_itr_cia_aberta_BPA_con_2025.csv,59779,BPA_CON,?,-1,0,ERROR,,sampled_from_type
BRSR6_ITR_itr_cia_aberta_BPA_ind_2025.csv,70395,BPA_IND,?,-1,0,ERROR,,sampled_from_type
BRSR6_ITR_itr_cia_aberta_BPP_con_2025.csv,70853,BPP_CON,?,-1,0,ERROR,,sampled_from_type
BRSR6_ITR_itr_cia_aberta_BPP_ind_2025.csv,85268,BPP_IND,?,-1,0,ERROR,,sampled_from_type
CCRO3_DFP_dfp_cia_aberta_2025.csv,299,INDEX_DFP,?,-1,0,ERROR,,sampled_from_type
CCRO3_DFP_dfp_cia_aberta_BPA_con_2025.csv,34358,BPA_CON,?,-1,0,ERROR,,sampled_from_type
CCRO3_DFP_dfp_cia_aberta_BPA_ind_2025.csv,30860,BPA_IND,?,-1,0,ERROR,,sampled_from_type
CCRO3_DFP_dfp_cia_aberta_BPP_con_2025.csv,60495,BPP_CON,?,-1,0,ERROR,,sampled_from_type
CCRO3_DFP_dfp_cia_aberta_BPP_ind_2025.csv,50688,BPP_IND,?,-1,0,ERROR,,sampled_from_type
CCRO3_ITR_itr_cia_aberta_2025.csv,741,INDEX_ITR,?,-1,0,ERROR,,sampled_from_type
CCRO3_ITR_itr_cia_aberta_BPA_con_2025.csv,102765,BPA_CON,?,-1,0,ERROR,,sampled_from_type
CCRO3_ITR_itr_cia_aberta_BPA_ind_2025.csv,92262,BPA_IND,?,-1,0,ERROR,,sampled_from_type
CCRO3_ITR_itr_cia_aberta_BPP_con_2025.csv,179926,BPP_CON,?,-1,0,ERROR,,sampled_from_type
CCRO3_ITR_itr_cia_aberta_BPP_ind_2025.csv,151797,BPP_IND,?,-1,0,ERROR,,sampled_from_type
CMIG4_DFP_dfp_cia_aberta_2025.csv,297,INDEX_DFP,?,-1,0,ERROR,,sampled_from_type
CMIG4_DFP_dfp_cia_aberta_BPA_con_2025.csv,37791,BPA_CON,?,-1,0,ERROR,,sampled_from_type
CMIG4_DFP_dfp_cia_aberta_BPA_ind_2025.csv,31024,BPA_IND,?,-1,0,ERROR,,sampled_from_type
CMIG4_DFP_dfp_cia_aberta_BPP_con_2025.csv,61989,BPP_CON,?,-1,0,ERROR,,sampled_from_type
CMIG4_DFP_dfp_cia_aberta_BPP_ind_2025.csv,53238,BPP_IND,?,-1,0,ERROR,,sampled_from_type
CMIG4_ITR_itr_cia_aberta_2025.csv,735,INDEX_ITR,?,-1,0,ERROR,,sampled_from_type
CMIG4_ITR_itr_cia_aberta_BPA_con_2025.csv,112696,BPA_CON,?,-1,0,ERROR,,sampled_from_type
CMIG4_ITR_itr_cia_aberta_BPA_ind_2025.csv,92807,BPA_IND,?,-1,0,ERROR,,sampled_from_type
CMIG4_ITR_itr_cia_aberta_BPP_con_2025.csv,183124,BPP_CON,?,-1,0,ERROR,,sampled_from_type
CMIG4_ITR_itr_cia_aberta_BPP_ind_2025.csv,158139,BPP_IND,?,-1,0,ERROR,,sampled_from_type
CMIN3_DFP_dfp_cia_aberta_2025.csv,480,INDEX_DFP,?,-1,0,ERROR,,sampled_from_type
CMIN3_DFP_dfp_cia_aberta_BPA_con_2025.csv,25334,BPA_CON,?,-1,0,ERROR,,sampled_from_type
CMIN3_DFP_dfp_cia_aberta_BPA_ind_2025.csv,25237,BPA_IND,?,-1,0,ERROR,,sampled_from_type
CMIN3_DFP_dfp_cia_aberta_BPP_con_2025.csv,44076,BPP_CON,?,-1,0,ERROR,,sampled_from_type
CMIN3_DFP_dfp_cia_aberta_BPP_ind_2025.csv,43797,BPP_IND,?,-1,0,ERROR,,sampled_from_type
CMIN3_ITR_itr_cia_aberta_2025.csv,681,INDEX_ITR,?,-1,0,ERROR,,sampled_from_type
CMIN3_ITR_itr_cia_aberta_BPA_con_2025.csv,73504,BPA_CON,?,-1,0,ERROR,,sampled_from_type
CMIN3_ITR_itr_cia_aberta_BPA_ind_2025.csv,74680,BPA_IND,?,-1,0,ERROR,,sampled_from_type
CMIN3_ITR_itr_cia_aberta_BPP_con_2025.csv,133126,BPP_CON,?,-1,0,ERROR,,sampled_from_type
CMIN3_ITR_itr_cia_aberta_BPP_ind_2025.csv,131137,BPP_IND,?,-1,0,ERROR,,sampled_from_type
COGN3_DFP_dfp_cia_aberta_2025.csv,482,INDEX_DFP,?,-1,0,ERROR,,sampled_from_type
COGN3_DFP_dfp_cia_aberta_BPA_con_2025.csv,27334,BPA_CON,?,-1,0,ERROR,,sampled_from_type
COGN3_DFP_dfp_cia_aberta_BPA_ind_2025.csv,26722,BPA_IND,?,-1,0,ERROR,,sampled_from_type
COGN3_DFP_dfp_cia_aberta_BPP_con_2025.csv,46459,BPP_CON,?,-1,0,ERROR,,sampled_from_type
COGN3_DFP_dfp_cia_aberta_BPP_ind_2025.csv,42471,BPP_IND,?,-1,0,ERROR,,sampled_from_type
COGN3_ITR_itr_cia_aberta_2025.csv,684,INDEX_ITR,?,-1,0,ERROR,,sampled_from_type
COGN3_ITR_itr_cia_aberta_BPA_con_2025.csv,81729,BPA_CON,?,-1,0,ERROR,,sampled_from_type
COGN3_ITR_itr_cia_aberta_BPA_ind_2025.csv,79883,BPA_IND,?,-1,0,ERROR,,sampled_from_type
COGN3_ITR_itr_cia_aberta_BPP_con_2025.csv,139013,BPP_CON,?,-1,0,ERROR,,sampled_from_type
COGN3_ITR_itr_cia_aberta_BPP_ind_2025.csv,124759,BPP_IND,?,-1,0,ERROR,,sampled_from_type
CPFE3_DFP_dfp_cia_aberta_2025.csv,276,INDEX_DFP,?,-1,0,ERROR,,sampled_from_type
CPFE3_DFP_dfp_cia_aberta_BPA_con_2025.csv,30558,BPA_CON,?,-1,0,ERROR,,sampled_from_type
CPFE3_DFP_dfp_cia_aberta_BPA_ind_2025.csv,26980,BPA_IND,?,-1,0,ERROR,,sampled_from_type
CPFE3_DFP_dfp_cia_aberta_BPP_con_2025.csv,49802,BPP_CON,?,-1,0,ERROR,,sampled_from_type
CPFE3_DFP_dfp_cia_aberta_BPP_ind_2025.csv,45707,BPP_IND,?,-1,0,ERROR,,sampled_from_type
CPFE3_ITR_itr_cia_aberta_2025.csv,672,INDEX_ITR,?,-1,0,ERROR,,sampled_from_type
CPFE3_ITR_itr_cia_aberta_BPA_con_2025.csv,91403,BPA_CON,?,-1,0,ERROR,,sampled_from_type
CPFE3_ITR_itr_cia_aberta_BPA_ind_2025.csv,80622,BPA_IND,?,-1,0,ERROR,,sampled_from_type
CPFE3_ITR_itr_cia_aberta_BPP_con_2025.csv,149098,BPP_CON,?,-1,0,ERROR,,sampled_from_type
CPFE3_ITR_itr_cia_aberta_BPP_ind_2025.csv,138510,BPP_IND,?,-1,0,ERROR,,sampled_from_type
CPLE6_DFP_dfp_cia_aberta_2025.csv,292,INDEX_DFP,?,-1,0,ERROR,,sampled_from_type
CPLE6_DFP_dfp_cia_aberta_BPA_con_2025.csv,33771,BPA_CON,?,-1,0,ERROR,,sampled_from_type
CPLE6_DFP_dfp_cia_aberta_BPA_ind_2025.csv,29639,BPA_IND,?,-1,0,ERROR,,sampled_from_type
CPLE6_DFP_dfp_cia_aberta_BPP_con_2025.csv,53696,BPP_CON,?,-1,0,ERROR,,sampled_from_type
CPLE6_DFP_dfp_cia_aberta_BPP_ind_2025.csv,46349,BPP_IND,?,-1,0,ERROR,,sampled_from_type
CPLE6_ITR_itr_cia_aberta_2025.csv,720,INDEX_ITR,?,-1,0,ERROR,,sampled_from_type
CPLE6_ITR_itr_cia_aberta_BPA_con_2025.csv,101070,BPA_CON,?,-1,0,ERROR,,sampled_from_type
CPLE6_ITR_itr_cia_aberta_BPA_ind_2025.csv,89440,BPA_IND,?,-1,0,ERROR,,sampled_from_type
CPLE6_ITR_itr_cia_aberta_BPP_con_2025.csv,159136,BPP_CON,?,-1,0,ERROR,,sampled_from_type
CPLE6_ITR_itr_cia_aberta_BPP_ind_2025.csv,141676,BPP_IND,?,-1,0,ERROR,,sampled_from_type
CRFB3_ITR_itr_cia_aberta_2025.csv,663,INDEX_ITR,?,-1,0,ERROR,,sampled_from_type
CRFB3_ITR_itr_cia_aberta_BPA_con_2025.csv,81695,BPA_CON,?,-1,0,ERROR,,sampled_from_type
CRFB3_ITR_itr_cia_aberta_BPA_ind_2025.csv,80504,BPA_IND,?,-1,0,ERROR,,sampled_from_type
CRFB3_ITR_itr_cia_aberta_BPP_con_2025.csv,133899,BPP_CON,?,-1,0,ERROR,,sampled_from_type
CRFB3_ITR_itr_cia_aberta_BPP_ind_2025.csv,127300,BPP_IND,?,-1,0,ERROR,,sampled_from_type
CSAN3_DFP_dfp_cia_aberta_2025.csv,269,INDEX_DFP,?,-1,0,ERROR,,sampled_from_type
CSAN3_DFP_dfp_cia_aberta_BPA_con_2025.csv,30410,BPA_CON,?,-1,0,ERROR,,sampled_from_type
CSAN3_DFP_dfp_cia_aberta_BPA_ind_2025.csv,27562,BPA_IND,?,-1,0,ERROR,,sampled_from_type
CSAN3_DFP_dfp_cia_aberta_BPP_con_2025.csv,48160,BPP_CON,?,-1,0,ERROR,,sampled_from_type
CSAN3_DFP_dfp_cia_aberta_BPP_ind_2025.csv,44506,BPP_IND,?,-1,0,ERROR,,sampled_from_type
CSAN3_ITR_itr_cia_aberta_2025.csv,651,INDEX_ITR,?,-1,0,ERROR,,sampled_from_type
CSAN3_ITR_itr_cia_aberta_BPA_con_2025.csv,90294,BPA_CON,?,-1,0,ERROR,,sampled_from_type
CSAN3_ITR_itr_cia_aberta_BPA_ind_2025.csv,82004,BPA_IND,?,-1,0,ERROR,,sampled_from_type
CSAN3_ITR_itr_cia_aberta_BPP_con_2025.csv,141401,BPP_CON,?,-1,0,ERROR,,sampled_from_type
CSAN3_ITR_itr_cia_aberta_BPP_ind_2025.csv,130486,BPP_IND,?,-1,0,ERROR,,sampled_from_type
CSNA3_DFP_dfp_cia_aberta_2025.csv,283,INDEX_DFP,?,-1,0,ERROR,,sampled_from_type
CSNA3_DFP_dfp_cia_aberta_BPA_con_2025.csv,26101,BPA_CON,?,-1,0,ERROR,,sampled_from_type
CSNA3_DFP_dfp_cia_aberta_BPA_ind_2025.csv,26370,BPA_IND,?,-1,0,ERROR,,sampled_from_type
CSNA3_DFP_dfp_cia_aberta_BPP_con_2025.csv,45448,BPP_CON,?,-1,0,ERROR,,sampled_from_type
CSNA3_DFP_dfp_cia_aberta_BPP_ind_2025.csv,45512,BPP_IND,?,-1,0,ERROR,,sampled_from_type
CSNA3_ITR_itr_cia_aberta_2025.csv,693,INDEX_ITR,?,-1,0,ERROR,,sampled_from_type
CSNA3_ITR_itr_cia_aberta_BPA_con_2025.csv,78030,BPA_CON,?,-1,0,ERROR,,sampled_from_type
CSNA3_ITR_itr_cia_aberta_BPA_ind_2025.csv,78837,BPA_IND,?,-1,0,ERROR,,sampled_from_type
CSNA3_ITR_itr_cia_aberta_BPP_con_2025.csv,136132,BPP_CON,?,-1,0,ERROR,,sampled_from_type
CSNA3_ITR_itr_cia_aberta_BPP_ind_2025.csv,136339,BPP_IND,?,-1,0,ERROR,,sampled_from_type
CVCB3_DFP_dfp_cia_aberta_2025.csv,306,INDEX_DFP,?,-1,0,ERROR,,sampled_from_type
CVCB3_DFP_dfp_cia_aberta_BPA_con_2025.csv,28558,BPA_CON,?,-1,0,ERROR,,sampled_from_type
CVCB3_DFP_dfp_cia_aberta_BPA_ind_2025.csv,29872,BPA_IND,?,-1,0,ERROR,,sampled_from_type
CVCB3_DFP_dfp_cia_aberta_BPP_con_2025.csv,53625,BPP_CON,?,-1,0,ERROR,,sampled_from_type
CVCB3_DFP_dfp_cia_aberta_BPP_ind_2025.csv,53780,BPP_IND,?,-1,0,ERROR,,sampled_from_type
CVCB3_ITR_itr_cia_aberta_2025.csv,762,INDEX_ITR,?,-1,0,ERROR,,sampled_from_type
CVCB3_ITR_itr_cia_aberta_BPA_con_2025.csv,85364,BPA_CON,?,-1,0,ERROR,,sampled_from_type
CVCB3_ITR_itr_cia_aberta_BPA_ind_2025.csv,88929,BPA_IND,?,-1,0,ERROR,,sampled_from_type
CVCB3_ITR_itr_cia_aberta_BPP_con_2025.csv,160598,BPP_CON,?,-1,0,ERROR,,sampled_from_type
CVCB3_ITR_itr_cia_aberta_BPP_ind_2025.csv,161060,BPP_IND,?,-1,0,ERROR,,sampled_from_type
CXSE3_DFP_dfp_cia_aberta_2025.csv,296,INDEX_DFP,?,-1,0,ERROR,,sampled_from_type
CXSE3_DFP_dfp_cia_aberta_BPA_con_2025.csv,25927,BPA_CON,?,-1,0,ERROR,,sampled_from_type
CXSE3_DFP_dfp_cia_aberta_BPA_ind_2025.csv,26676,BPA_IND,?,-1,0,ERROR,,sampled_from_type
CXSE3_DFP_dfp_cia_aberta_BPP_con_2025.csv,45172,BPP_CON,?,-1,0,ERROR,,sampled_from_type
CXSE3_DFP_dfp_cia_aberta_BPP_ind_2025.csv,44095,BPP_IND,?,-1,0,ERROR,,sampled_from_type
CXSE3_ITR_itr_cia_aberta_2025.csv,732,INDEX_ITR,?,-1,0,ERROR,,sampled_from_type
CXSE3_ITR_itr_cia_aberta_BPA_con_2025.csv,77500,BPA_CON,?,-1,0,ERROR,,sampled_from_type
CXSE3_ITR_itr_cia_aberta_BPA_ind_2025.csv,79749,BPA_IND,?,-1,0,ERROR,,sampled_from_type
CXSE3_ITR_itr_cia_aberta_BPP_con_2025.csv,135244,BPP_CON,?,-1,0,ERROR,,sampled_from_type
CXSE3_ITR_itr_cia_aberta_BPP_ind_2025.csv,132362,BPP_IND,?,-1,0,ERROR,,sampled_from_type
CYRE3_DFP_dfp_cia_aberta_2025.csv,299,INDEX_DFP,?,-1,0,ERROR,,sampled_from_type
CYRE3_DFP_dfp_cia_aberta_BPA_con_2025.csv,31662,BPA_CON,?,-1,0,ERROR,,sampled_from_type
CYRE3_DFP_dfp_cia_aberta_BPA_ind_2025.csv,31466,BPA_IND,?,-1,0,ERROR,,sampled_from_type
CYRE3_DFP_dfp_cia_aberta_BPP_con_2025.csv,54176,BPP_CON,?,-1,0,ERROR,,sampled_from_type
CYRE3_DFP_dfp_cia_aberta_BPP_ind_2025.csv,54960,BPP_IND,?,-1,0,ERROR,,sampled_from_type
CYRE3_ITR_itr_cia_aberta_2025.csv,741,INDEX_ITR,?,-1,0,ERROR,,sampled_from_type
CYRE3_ITR_itr_cia_aberta_BPA_con_2025.csv,94707,BPA_CON,?,-1,0,ERROR,,sampled_from_type
CYRE3_ITR_itr_cia_aberta_BPA_ind_2025.csv,94141,BPA_IND,?,-1,0,ERROR,,sampled_from_type
CYRE3_ITR_itr_cia_aberta_BPP_con_2025.csv,163105,BPP_CON,?,-1,0,ERROR,,sampled_from_type
CYRE3_ITR_itr_cia_aberta_BPP_ind_2025.csv,165463,BPP_IND,?,-1,0,ERROR,,sampled_from_type
EGIE3_DFP_dfp_cia_aberta_2025.csv,490,INDEX_DFP,?,-1,0,ERROR,,sampled_from_type
EGIE3_DFP_dfp_cia_aberta_BPA_con_2025.csv,28302,BPA_CON,?,-1,0,ERROR,,sampled_from_type
EGIE3_DFP_dfp_cia_aberta_BPA_ind_2025.csv,25729,BPA_IND,?,-1,0,ERROR,,sampled_from_type
EGIE3_DFP_dfp_cia_aberta_BPP_con_2025.csv,45705,BPP_CON,?,-1,0,ERROR,,sampled_from_type
EGIE3_DFP_dfp_cia_aberta_BPP_ind_2025.csv,43655,BPP_IND,?,-1,0,ERROR,,sampled_from_type
EGIE3_ITR_itr_cia_aberta_2025.csv,902,INDEX_ITR,?,-1,0,ERROR,,sampled_from_type
EGIE3_ITR_itr_cia_aberta_BPA_con_2025.csv,94528,BPA_CON,?,-1,0,ERROR,,sampled_from_type
EGIE3_ITR_itr_cia_aberta_BPA_ind_2025.csv,95397,BPA_IND,?,-1,0,ERROR,,sampled_from_type
EGIE3_ITR_itr_cia_aberta_BPP_con_2025.csv,141018,BPP_CON,?,-1,0,ERROR,,sampled_from_type
EGIE3_ITR_itr_cia_aberta_BPP_ind_2025.csv,139889,BPP_IND,?,-1,0,ERROR,,sampled_from_type
EMBR3_DFP_dfp_cia_aberta_2025.csv,271,INDEX_DFP,?,-1,0,ERROR,,sampled_from_type
EMBR3_DFP_dfp_cia_aberta_BPA_con_2025.csv,26333,BPA_CON,?,-1,0,ERROR,,sampled_from_type
EMBR3_DFP_dfp_cia_aberta_BPA_ind_2025.csv,25794,BPA_IND,?,-1,0,ERROR,,sampled_from_type
EMBR3_DFP_dfp_cia_aberta_BPP_con_2025.csv,52845,BPP_CON,?,-1,0,ERROR,,sampled_from_type
EMBR3_DFP_dfp_cia_aberta_BPP_ind_2025.csv,51661,BPP_IND,?,-1,0,ERROR,,sampled_from_type
EMBR3_ITR_itr_cia_aberta_2025.csv,850,INDEX_ITR,?,-1,0,ERROR,,sampled_from_type
EMBR3_ITR_itr_cia_aberta_BPA_con_2025.csv,78722,BPA_CON,?,-1,0,ERROR,,sampled_from_type
EMBR3_ITR_itr_cia_aberta_BPA_ind_2025.csv,77139,BPA_IND,?,-1,0,ERROR,,sampled_from_type
EMBR3_ITR_itr_cia_aberta_BPP_con_2025.csv,158269,BPP_CON,?,-1,0,ERROR,,sampled_from_type
EMBR3_ITR_itr_cia_aberta_BPP_ind_2025.csv,154705,BPP_IND,?,-1,0,ERROR,,sampled_from_type
ENEV3_DFP_dfp_cia_aberta_2025.csv,268,INDEX_DFP,?,-1,0,ERROR,,sampled_from_type
ENEV3_DFP_dfp_cia_aberta_BPA_con_2025.csv,28813,BPA_CON,?,-1,0,ERROR,,sampled_from_type
ENEV3_DFP_dfp_cia_aberta_BPA_ind_2025.csv,28367,BPA_IND,?,-1,0,ERROR,,sampled_from_type
ENEV3_DFP_dfp_cia_aberta_BPP_con_2025.csv,52459,BPP_CON,?,-1,0,ERROR,,sampled_from_type
ENEV3_DFP_dfp_cia_aberta_BPP_ind_2025.csv,50121,BPP_IND,?,-1,0,ERROR,,sampled_from_type
ENEV3_ITR_itr_cia_aberta_2025.csv,648,INDEX_ITR,?,-1,0,ERROR,,sampled_from_type
ENEV3_ITR_itr_cia_aberta_BPA_con_2025.csv,80105,BPA_CON,?,-1,0,ERROR,,sampled_from_type
ENEV3_ITR_itr_cia_aberta_BPA_ind_2025.csv,84629,BPA_IND,?,-1,0,ERROR,,sampled_from_type
ENEV3_ITR_itr_cia_aberta_BPP_con_2025.csv,153539,BPP_CON,?,-1,0,ERROR,,sampled_from_type
ENEV3_ITR_itr_cia_aberta_BPP_ind_2025.csv,147518,BPP_IND,?,-1,0,ERROR,,sampled_from_type
ENGI11_DFP_dfp_cia_aberta_2025.csv,660,INDEX_DFP,?,-1,0,ERROR,,sampled_from_type
ENGI11_DFP_dfp_cia_aberta_BPA_con_2025.csv,35119,BPA_CON,?,-1,0,ERROR,,sampled_from_type
ENGI11_DFP_dfp_cia_aberta_BPA_ind_2025.csv,30030,BPA_IND,?,-1,0,ERROR,,sampled_from_type
ENGI11_DFP_dfp_cia_aberta_BPP_con_2025.csv,50460,BPP_CON,?,-1,0,ERROR,,sampled_from_type
ENGI11_DFP_dfp_cia_aberta_BPP_ind_2025.csv,45438,BPP_IND,?,-1,0,ERROR,,sampled_from_type
ENGI11_ITR_itr_cia_aberta_2025.csv,660,INDEX_ITR,?,-1,0,ERROR,,sampled_from_type
ENGI11_ITR_itr_cia_aberta_BPA_con_2025.csv,105078,BPA_CON,?,-1,0,ERROR,,sampled_from_type
ENGI11_ITR_itr_cia_aberta_BPA_ind_2025.csv,89943,BPA_IND,?,-1,0,ERROR,,sampled_from_type
ENGI11_ITR_itr_cia_aberta_BPP_con_2025.csv,151257,BPP_CON,?,-1,0,ERROR,,sampled_from_type
ENGI11_ITR_itr_cia_aberta_BPP_ind_2025.csv,136124,BPP_IND,?,-1,0,ERROR,,sampled_from_type
FLRY3_DFP_dfp_cia_aberta_2025.csv,270,INDEX_DFP,?,-1,0,ERROR,,sampled_from_type
FLRY3_DFP_dfp_cia_aberta_BPA_con_2025.csv,25671,BPA_CON,?,-1,0,ERROR,,sampled_from_type
FLRY3_DFP_dfp_cia_aberta_BPA_ind_2025.csv,25959,BPA_IND,?,-1,0,ERROR,,sampled_from_type
FLRY3_DFP_dfp_cia_aberta_BPP_con_2025.csv,42583,BPP_CON,?,-1,0,ERROR,,sampled_from_type
FLRY3_DFP_dfp_cia_aberta_BPP_ind_2025.csv,42610,BPP_IND,?,-1,0,ERROR,,sampled_from_type
FLRY3_ITR_itr_cia_aberta_2025.csv,654,INDEX_ITR,?,-1,0,ERROR,,sampled_from_type
FLRY3_ITR_itr_cia_aberta_BPA_con_2025.csv,76740,BPA_CON,?,-1,0,ERROR,,sampled_from_type
FLRY3_ITR_itr_cia_aberta_BPA_ind_2025.csv,77598,BPA_IND,?,-1,0,ERROR,,sampled_from_type
FLRY3_ITR_itr_cia_aberta_BPP_con_2025.csv,126437,BPP_CON,?,-1,0,ERROR,,sampled_from_type
FLRY3_ITR_itr_cia_aberta_BPP_ind_2025.csv,126515,BPP_IND,?,-1,0,ERROR,,sampled_from_type
GGBR4_DFP_dfp_cia_aberta_2025.csv,270,INDEX_DFP,?,-1,0,ERROR,,sampled_from_type
GGBR4_DFP_dfp_cia_aberta_BPA_con_2025.csv,25943,BPA_CON,?,-1,0,ERROR,,sampled_from_type
GGBR4_DFP_dfp_cia_aberta_BPA_ind_2025.csv,25430,BPA_IND,?,-1,0,ERROR,,sampled_from_type
GGBR4_DFP_dfp_cia_aberta_BPP_con_2025.csv,44219,BPP_CON,?,-1,0,ERROR,,sampled_from_type
GGBR4_DFP_dfp_cia_aberta_BPP_ind_2025.csv,43379,BPP_IND,?,-1,0,ERROR,,sampled_from_type
GGBR4_ITR_itr_cia_aberta_2025.csv,654,INDEX_ITR,?,-1,0,ERROR,,sampled_from_type
GGBR4_ITR_itr_cia_aberta_BPA_con_2025.csv,77560,BPA_CON,?,-1,0,ERROR,,sampled_from_type
GGBR4_ITR_itr_cia_aberta_BPA_ind_2025.csv,76025,BPA_IND,?,-1,0,ERROR,,sampled_from_type
GGBR4_ITR_itr_cia_aberta_BPP_con_2025.csv,132283,BPP_CON,?,-1,0,ERROR,,sampled_from_type
GGBR4_ITR_itr_cia_aberta_BPP_ind_2025.csv,129828,BPP_IND,?,-1,0,ERROR,,sampled_from_type
GOAU4_DFP_dfp_cia_aberta_2025.csv,282,INDEX_DFP,?,-1,0,ERROR,,sampled_from_type
GOAU4_DFP_dfp_cia_aberta_BPA_con_2025.csv,29558,BPA_CON,?,-1,0,ERROR,,sampled_from_type
GOAU4_DFP_dfp_cia_aberta_BPA_ind_2025.csv,25978,BPA_IND,?,-1,0,ERROR,,sampled_from_type
GOAU4_DFP_dfp_cia_aberta_BPP_con_2025.csv,47089,BPP_CON,?,-1,0,ERROR,,sampled_from_type
GOAU4_DFP_dfp_cia_aberta_BPP_ind_2025.csv,43228,BPP_IND,?,-1,0,ERROR,,sampled_from_type
GOAU4_ITR_itr_cia_aberta_2025.csv,690,INDEX_ITR,?,-1,0,ERROR,,sampled_from_type
GOAU4_ITR_itr_cia_aberta_BPA_con_2025.csv,88405,BPA_CON,?,-1,0,ERROR,,sampled_from_type
GOAU4_ITR_itr_cia_aberta_BPA_ind_2025.csv,77661,BPA_IND,?,-1,0,ERROR,,sampled_from_type
GOAU4_ITR_itr_cia_aberta_BPP_con_2025.csv,140056,BPP_CON,?,-1,0,ERROR,,sampled_from_type
GOAU4_ITR_itr_cia_aberta_BPP_ind_2025.csv,129419,BPP_IND,?,-1,0,ERROR,,sampled_from_type
HAPV3_DFP_dfp_cia_aberta_2025.csv,303,INDEX_DFP,?,-1,0,ERROR,,sampled_from_type
HAPV3_DFP_dfp_cia_aberta_BPA_con_2025.csv,30902,BPA_CON,?,-1,0,ERROR,,sampled_from_type
HAPV3_DFP_dfp_cia_aberta_BPA_ind_2025.csv,26652,BPA_IND,?,-1,0,ERROR,,sampled_from_type
HAPV3_DFP_dfp_cia_aberta_BPP_con_2025.csv,51565,BPP_CON,?,-1,0,ERROR,,sampled_from_type
HAPV3_DFP_dfp_cia_aberta_BPP_ind_2025.csv,47909,BPP_IND,?,-1,0,ERROR,,sampled_from_type
HAPV3_ITR_itr_cia_aberta_2025.csv,753,INDEX_ITR,?,-1,0,ERROR,,sampled_from_type
HAPV3_ITR_itr_cia_aberta_BPA_con_2025.csv,92446,BPA_CON,?,-1,0,ERROR,,sampled_from_type
HAPV3_ITR_itr_cia_aberta_BPA_ind_2025.csv,79682,BPA_IND,?,-1,0,ERROR,,sampled_from_type
HAPV3_ITR_itr_cia_aberta_BPP_con_2025.csv,154898,BPP_CON,?,-1,0,ERROR,,sampled_from_type
HAPV3_ITR_itr_cia_aberta_BPP_ind_2025.csv,143472,BPP_IND,?,-1,0,ERROR,,sampled_from_type
HYPE3_DFP_dfp_cia_aberta_2025.csv,270,INDEX_DFP,?,-1,0,ERROR,,sampled_from_type
HYPE3_DFP_dfp_cia_aberta_BPA_con_2025.csv,24601,BPA_CON,?,-1,0,ERROR,,sampled_from_type
HYPE3_DFP_dfp_cia_aberta_BPA_ind_2025.csv,24888,BPA_IND,?,-1,0,ERROR,,sampled_from_type
HYPE3_DFP_dfp_cia_aberta_BPP_con_2025.csv,44527,BPP_CON,?,-1,0,ERROR,,sampled_from_type
HYPE3_DFP_dfp_cia_aberta_BPP_ind_2025.csv,44163,BPP_IND,?,-1,0,ERROR,,sampled_from_type
HYPE3_ITR_itr_cia_aberta_2025.csv,654,INDEX_ITR,?,-1,0,ERROR,,sampled_from_type
HYPE3_ITR_itr_cia_aberta_BPA_con_2025.csv,73534,BPA_CON,?,-1,0,ERROR,,sampled_from_type
HYPE3_ITR_itr_cia_aberta_BPA_ind_2025.csv,74367,BPA_IND,?,-1,0,ERROR,,sampled_from_type
HYPE3_ITR_itr_cia_aberta_BPP_con_2025.csv,133320,BPP_CON,?,-1,0,ERROR,,sampled_from_type
HYPE3_ITR_itr_cia_aberta_BPP_ind_2025.csv,132219,BPP_IND,?,-1,0,ERROR,,sampled_from_type
IGTI11_DFP_dfp_cia_aberta_2025.csv,299,INDEX_DFP,?,-1,0,ERROR,,sampled_from_type
IGTI11_DFP_dfp_cia_aberta_BPA_con_2025.csv,29370,BPA_CON,?,-1,0,ERROR,,sampled_from_type
IGTI11_DFP_dfp_cia_aberta_BPA_ind_2025.csv,27912,BPA_IND,?,-1,0,ERROR,,sampled_from_type
IGTI11_DFP_dfp_cia_aberta_BPP_con_2025.csv,48804,BPP_CON,?,-1,0,ERROR,,sampled_from_type
IGTI11_DFP_dfp_cia_aberta_BPP_ind_2025.csv,49726,BPP_IND,?,-1,0,ERROR,,sampled_from_type
IGTI11_ITR_itr_cia_aberta_2025.csv,741,INDEX_ITR,?,-1,0,ERROR,,sampled_from_type
IGTI11_ITR_itr_cia_aberta_BPA_con_2025.csv,88288,BPA_CON,?,-1,0,ERROR,,sampled_from_type
IGTI11_ITR_itr_cia_aberta_BPA_ind_2025.csv,82624,BPA_IND,?,-1,0,ERROR,,sampled_from_type
IGTI11_ITR_itr_cia_aberta_BPP_con_2025.csv,146096,BPP_CON,?,-1,0,ERROR,,sampled_from_type
IGTI11_ITR_itr_cia_aberta_BPP_ind_2025.csv,148885,BPP_IND,?,-1,0,ERROR,,sampled_from_type
INTR4_DFP_dfp_cia_aberta_2025.csv,476,INDEX_DFP,?,-1,0,ERROR,,sampled_from_type
INTR4_DFP_dfp_cia_aberta_BPA_con_2025.csv,18472,BPA_CON,?,-1,0,ERROR,,sampled_from_type
INTR4_DFP_dfp_cia_aberta_BPP_con_2025.csv,20277,BPP_CON,?,-1,0,ERROR,,sampled_from_type
INTR4_ITR_itr_cia_aberta_2025.csv,874,INDEX_ITR,?,-1,0,ERROR,,sampled_from_type
INTR4_ITR_itr_cia_aberta_BPA_con_2025.csv,55135,BPA_CON,?,-1,0,ERROR,,sampled_from_type
INTR4_ITR_itr_cia_aberta_BPP_con_2025.csv,60553,BPP_CON,?,-1,0,ERROR,,sampled_from_type
IRBR3_DFP_dfp_cia_aberta_2025.csv,705,INDEX_DFP,?,-1,0,ERROR,,sampled_from_type
IRBR3_DFP_dfp_cia_aberta_BPA_con_2025.csv,28754,BPA_CON,?,-1,0,ERROR,,sampled_from_type
IRBR3_DFP_dfp_cia_aberta_BPA_ind_2025.csv,28629,BPA_IND,?,-1,0,ERROR,,sampled_from_type
IRBR3_DFP_dfp_cia_aberta_BPP_con_2025.csv,29094,BPP_CON,?,-1,0,ERROR,,sampled_from_type
IRBR3_DFP_dfp_cia_aberta_BPP_ind_2025.csv,28497,BPP_IND,?,-1,0,ERROR,,sampled_from_type
IRBR3_ITR_itr_cia_aberta_2025.csv,914,INDEX_ITR,?,-1,0,ERROR,,sampled_from_type
IRBR3_ITR_itr_cia_aberta_BPA_con_2025.csv,85990,BPA_CON,?,-1,0,ERROR,,sampled_from_type
IRBR3_ITR_itr_cia_aberta_BPA_ind_2025.csv,85613,BPA_IND,?,-1,0,ERROR,,sampled_from_type
IRBR3_ITR_itr_cia_aberta_BPP_con_2025.csv,86966,BPP_CON,?,-1,0,ERROR,,sampled_from_type
IRBR3_ITR_itr_cia_aberta_BPP_ind_2025.csv,85165,BPP_IND,?,-1,0,ERROR,,sampled_from_type
ISAE4_DFP_dfp_cia_aberta_2025.csv,277,INDEX_DFP,?,-1,0,ERROR,,sampled_from_type
ISAE4_DFP_dfp_cia_aberta_BPA_con_2025.csv,27183,BPA_CON,?,-1,0,ERROR,,sampled_from_type
ISAE4_DFP_dfp_cia_aberta_BPA_ind_2025.csv,28201,BPA_IND,?,-1,0,ERROR,,sampled_from_type
ISAE4_DFP_dfp_cia_aberta_BPP_con_2025.csv,50691,BPP_CON,?,-1,0,ERROR,,sampled_from_type
ISAE4_DFP_dfp_cia_aberta_BPP_ind_2025.csv,49996,BPP_IND,?,-1,0,ERROR,,sampled_from_type
ISAE4_ITR_itr_cia_aberta_2025.csv,675,INDEX_ITR,?,-1,0,ERROR,,sampled_from_type
ISAE4_ITR_itr_cia_aberta_BPA_con_2025.csv,81283,BPA_CON,?,-1,0,ERROR,,sampled_from_type
ISAE4_ITR_itr_cia_aberta_BPA_ind_2025.csv,84334,BPA_IND,?,-1,0,ERROR,,sampled_from_type
ISAE4_ITR_itr_cia_aberta_BPP_con_2025.csv,151792,BPP_CON,?,-1,0,ERROR,,sampled_from_type
ISAE4_ITR_itr_cia_aberta_BPP_ind_2025.csv,149699,BPP_IND,?,-1,0,ERROR,,sampled_from_type
ITSA4_DFP_dfp_cia_aberta_2025.csv,271,INDEX_DFP,?,-1,0,ERROR,,sampled_from_type
ITSA4_DFP_dfp_cia_aberta_BPA_con_2025.csv,26181,BPA_CON,?,-1,0,ERROR,,sampled_from_type
ITSA4_DFP_dfp_cia_aberta_BPA_ind_2025.csv,25281,BPA_IND,?,-1,0,ERROR,,sampled_from_type
ITSA4_DFP_dfp_cia_aberta_BPP_con_2025.csv,43899,BPP_CON,?,-1,0,ERROR,,sampled_from_type
ITSA4_DFP_dfp_cia_aberta_BPP_ind_2025.csv,42354,BPP_IND,?,-1,0,ERROR,,sampled_from_type
ITSA4_ITR_itr_cia_aberta_2025.csv,850,INDEX_ITR,?,-1,0,ERROR,,sampled_from_type
ITSA4_ITR_itr_cia_aberta_BPA_con_2025.csv,78272,BPA_CON,?,-1,0,ERROR,,sampled_from_type
ITSA4_ITR_itr_cia_aberta_BPA_ind_2025.csv,75566,BPA_IND,?,-1,0,ERROR,,sampled_from_type
ITSA4_ITR_itr_cia_aberta_BPP_con_2025.csv,131415,BPP_CON,?,-1,0,ERROR,,sampled_from_type
ITSA4_ITR_itr_cia_aberta_BPP_ind_2025.csv,126821,BPP_IND,?,-1,0,ERROR,,sampled_from_type
ITUB4_DFP_dfp_cia_aberta_2025.csv,492,INDEX_DFP,?,-1,0,ERROR,,sampled_from_type
ITUB4_DFP_dfp_cia_aberta_BPA_con_2025.csv,16494,BPA_CON,?,-1,0,ERROR,,sampled_from_type
ITUB4_DFP_dfp_cia_aberta_BPA_ind_2025.csv,26286,BPA_IND,?,-1,0,ERROR,,sampled_from_type
ITUB4_DFP_dfp_cia_aberta_BPP_con_2025.csv,21439,BPP_CON,?,-1,0,ERROR,,sampled_from_type
ITUB4_DFP_dfp_cia_aberta_BPP_ind_2025.csv,28334,BPP_IND,?,-1,0,ERROR,,sampled_from_type
ITUB4_ITR_itr_cia_aberta_2025.csv,699,INDEX_ITR,?,-1,0,ERROR,,sampled_from_type
ITUB4_ITR_itr_cia_aberta_BPA_con_2025.csv,49190,BPA_CON,?,-1,0,ERROR,,sampled_from_type
ITUB4_ITR_itr_cia_aberta_BPA_ind_2025.csv,78774,BPA_IND,?,-1,0,ERROR,,sampled_from_type
ITUB4_ITR_itr_cia_aberta_BPP_con_2025.csv,64034,BPP_CON,?,-1,0,ERROR,,sampled_from_type
ITUB4_ITR_itr_cia_aberta_BPP_ind_2025.csv,84760,BPP_IND,?,-1,0,ERROR,,sampled_from_type
JBSS3_DFP_dfp_cia_aberta_2025.csv,267,INDEX_DFP,?,-1,0,ERROR,,sampled_from_type
JBSS3_DFP_dfp_cia_aberta_BPA_con_2025.csv,28309,BPA_CON,?,-1,0,ERROR,,sampled_from_type
JBSS3_DFP_dfp_cia_aberta_BPA_ind_2025.csv,25587,BPA_IND,?,-1,0,ERROR,,sampled_from_type
JBSS3_DFP_dfp_cia_aberta_BPP_con_2025.csv,47050,BPP_CON,?,-1,0,ERROR,,sampled_from_type
JBSS3_DFP_dfp_cia_aberta_BPP_ind_2025.csv,46550,BPP_IND,?,-1,0,ERROR,,sampled_from_type
JBSS3_ITR_itr_cia_aberta_2025.csv,834,INDEX_ITR,?,-1,0,ERROR,,sampled_from_type
JBSS3_ITR_itr_cia_aberta_BPA_con_2025.csv,84630,BPA_CON,?,-1,0,ERROR,,sampled_from_type
JBSS3_ITR_itr_cia_aberta_BPA_ind_2025.csv,76493,BPA_IND,?,-1,0,ERROR,,sampled_from_type
JBSS3_ITR_itr_cia_aberta_BPP_con_2025.csv,140858,BPP_CON,?,-1,0,ERROR,,sampled_from_type
JBSS3_ITR_itr_cia_aberta_BPP_ind_2025.csv,139421,BPP_IND,?,-1,0,ERROR,,sampled_from_type
KLBN11_DFP_dfp_cia_aberta_2025.csv,270,INDEX_DFP,?,-1,0,ERROR,,sampled_from_type
KLBN11_DFP_dfp_cia_aberta_BPA_con_2025.csv,25517,BPA_CON,?,-1,0,ERROR,,sampled_from_type
KLBN11_DFP_dfp_cia_aberta_BPA_ind_2025.csv,25415,BPA_IND,?,-1,0,ERROR,,sampled_from_type
KLBN11_DFP_dfp_cia_aberta_BPP_con_2025.csv,48766,BPP_CON,?,-1,0,ERROR,,sampled_from_type
KLBN11_DFP_dfp_cia_aberta_BPP_ind_2025.csv,48054,BPP_IND,?,-1,0,ERROR,,sampled_from_type
KLBN11_ITR_itr_cia_aberta_2025.csv,654,INDEX_ITR,?,-1,0,ERROR,,sampled_from_type
KLBN11_ITR_itr_cia_aberta_BPA_con_2025.csv,74840,BPA_CON,?,-1,0,ERROR,,sampled_from_type
KLBN11_ITR_itr_cia_aberta_BPA_ind_2025.csv,76649,BPA_IND,?,-1,0,ERROR,,sampled_from_type
KLBN11_ITR_itr_cia_aberta_BPP_con_2025.csv,146595,BPP_CON,?,-1,0,ERROR,,sampled_from_type
KLBN11_ITR_itr_cia_aberta_BPP_ind_2025.csv,145176,BPP_IND,?,-1,0,ERROR,,sampled_from_type
LREN3_DFP_dfp_cia_aberta_2025.csv,474,INDEX_DFP,?,-1,0,ERROR,,sampled_from_type
LREN3_DFP_dfp_cia_aberta_BPA_con_2025.csv,25818,BPA_CON,?,-1,0,ERROR,,sampled_from_type
LREN3_DFP_dfp_cia_aberta_BPA_ind_2025.csv,26123,BPA_IND,?,-1,0,ERROR,,sampled_from_type
LREN3_DFP_dfp_cia_aberta_BPP_con_2025.csv,45503,BPP_CON,?,-1,0,ERROR,,sampled_from_type
LREN3_DFP_dfp_cia_aberta_BPP_ind_2025.csv,45561,BPP_IND,?,-1,0,ERROR,,sampled_from_type
LREN3_ITR_itr_cia_aberta_2025.csv,1266,INDEX_ITR,?,-1,0,ERROR,,sampled_from_type
LREN3_ITR_itr_cia_aberta_BPA_con_2025.csv,76372,BPA_CON,?,-1,0,ERROR,,sampled_from_type
LREN3_ITR_itr_cia_aberta_BPA_ind_2025.csv,77285,BPA_IND,?,-1,0,ERROR,,sampled_from_type
LREN3_ITR_itr_cia_aberta_BPP_con_2025.csv,136224,BPP_CON,?,-1,0,ERROR,,sampled_from_type
LREN3_ITR_itr_cia_aberta_BPP_ind_2025.csv,136366,BPP_IND,?,-1,0,ERROR,,sampled_from_type
LWSA3_DFP_dfp_cia_aberta_2025.csv,267,INDEX_DFP,?,-1,0,ERROR,,sampled_from_type
LWSA3_DFP_dfp_cia_aberta_BPA_con_2025.csv,24599,BPA_CON,?,-1,0,ERROR,,sampled_from_type
LWSA3_DFP_dfp_cia_aberta_BPA_ind_2025.csv,21978,BPA_IND,?,-1,0,ERROR,,sampled_from_type
LWSA3_DFP_dfp_cia_aberta_BPP_con_2025.csv,44783,BPP_CON,?,-1,0,ERROR,,sampled_from_type
LWSA3_DFP_dfp_cia_aberta_BPP_ind_2025.csv,44025,BPP_IND,?,-1,0,ERROR,,sampled_from_type
LWSA3_ITR_itr_cia_aberta_2025.csv,645,INDEX_ITR,?,-1,0,ERROR,,sampled_from_type
LWSA3_ITR_itr_cia_aberta_BPA_con_2025.csv,74620,BPA_CON,?,-1,0,ERROR,,sampled_from_type
LWSA3_ITR_itr_cia_aberta_BPA_ind_2025.csv,75464,BPA_IND,?,-1,0,ERROR,,sampled_from_type
LWSA3_ITR_itr_cia_aberta_BPP_con_2025.csv,134544,BPP_CON,?,-1,0,ERROR,,sampled_from_type
LWSA3_ITR_itr_cia_aberta_BPP_ind_2025.csv,132601,BPP_IND,?,-1,0,ERROR,,sampled_from_type
MGLU3_DFP_dfp_cia_aberta_2025.csv,278,INDEX_DFP,?,-1,0,ERROR,,sampled_from_type
MGLU3_DFP_dfp_cia_aberta_BPA_con_2025.csv,24546,BPA_CON,?,-1,0,ERROR,,sampled_from_type
MGLU3_DFP_dfp_cia_aberta_BPA_ind_2025.csv,24853,BPA_IND,?,-1,0,ERROR,,sampled_from_type
MGLU3_DFP_dfp_cia_aberta_BPP_con_2025.csv,43085,BPP_CON,?,-1,0,ERROR,,sampled_from_type
MGLU3_DFP_dfp_cia_aberta_BPP_ind_2025.csv,42383,BPP_IND,?,-1,0,ERROR,,sampled_from_type
MGLU3_ITR_itr_cia_aberta_2025.csv,678,INDEX_ITR,?,-1,0,ERROR,,sampled_from_type
MGLU3_ITR_itr_cia_aberta_BPA_con_2025.csv,73362,BPA_CON,?,-1,0,ERROR,,sampled_from_type
MGLU3_ITR_itr_cia_aberta_BPA_ind_2025.csv,74285,BPA_IND,?,-1,0,ERROR,,sampled_from_type
MGLU3_ITR_itr_cia_aberta_BPP_con_2025.csv,128968,BPP_CON,?,-1,0,ERROR,,sampled_from_type
MGLU3_ITR_itr_cia_aberta_BPP_ind_2025.csv,126871,BPP_IND,?,-1,0,ERROR,,sampled_from_type
MRFG3_DFP_dfp_cia_aberta_2025.csv,284,INDEX_DFP,?,-1,0,ERROR,,sampled_from_type
MRFG3_DFP_dfp_cia_aberta_BPA_con_2025.csv,30961,BPA_CON,?,-1,0,ERROR,,sampled_from_type
MRFG3_DFP_dfp_cia_aberta_BPA_ind_2025.csv,29606,BPA_IND,?,-1,0,ERROR,,sampled_from_type
MRFG3_DFP_dfp_cia_aberta_BPP_con_2025.csv,50247,BPP_CON,?,-1,0,ERROR,,sampled_from_type
MRFG3_DFP_dfp_cia_aberta_BPP_ind_2025.csv,49430,BPP_IND,?,-1,0,ERROR,,sampled_from_type
MRFG3_ITR_itr_cia_aberta_2025.csv,696,INDEX_ITR,?,-1,0,ERROR,,sampled_from_type
MRFG3_ITR_itr_cia_aberta_BPA_con_2025.csv,92645,BPA_CON,?,-1,0,ERROR,,sampled_from_type
MRFG3_ITR_itr_cia_aberta_BPA_ind_2025.csv,88539,BPA_IND,?,-1,0,ERROR,,sampled_from_type
MRFG3_ITR_itr_cia_aberta_BPP_con_2025.csv,150479,BPP_CON,?,-1,0,ERROR,,sampled_from_type
MRFG3_ITR_itr_cia_aberta_BPP_ind_2025.csv,148022,BPP_IND,?,-1,0,ERROR,,sampled_from_type
MRVE3_DFP_dfp_cia_aberta_2025.csv,294,INDEX_DFP,?,-1,0,ERROR,,sampled_from_type
MRVE3_DFP_dfp_cia_aberta_BPA_con_2025.csv,32182,BPA_CON,?,-1,0,ERROR,,sampled_from_type
MRVE3_DFP_dfp_cia_aberta_BPA_ind_2025.csv,32487,BPA_IND,?,-1,0,ERROR,,sampled_from_type
MRVE3_DFP_dfp_cia_aberta_BPP_con_2025.csv,53502,BPP_CON,?,-1,0,ERROR,,sampled_from_type
MRVE3_DFP_dfp_cia_aberta_BPP_ind_2025.csv,53900,BPP_IND,?,-1,0,ERROR,,sampled_from_type
MRVE3_ITR_itr_cia_aberta_2025.csv,726,INDEX_ITR,?,-1,0,ERROR,,sampled_from_type
MRVE3_ITR_itr_cia_aberta_BPA_con_2025.csv,96265,BPA_CON,?,-1,0,ERROR,,sampled_from_type
MRVE3_ITR_itr_cia_aberta_BPA_ind_2025.csv,97183,BPA_IND,?,-1,0,ERROR,,sampled_from_type
MRVE3_ITR_itr_cia_aberta_BPP_con_2025.csv,160326,BPP_CON,?,-1,0,ERROR,,sampled_from_type
MRVE3_ITR_itr_cia_aberta_BPP_ind_2025.csv,161523,BPP_IND,?,-1,0,ERROR,,sampled_from_type
MULT3_DFP_dfp_cia_aberta_2025.csv,297,INDEX_DFP,?,-1,0,ERROR,,sampled_from_type
MULT3_DFP_dfp_cia_aberta_BPA_con_2025.csv,27358,BPA_CON,?,-1,0,ERROR,,sampled_from_type
MULT3_DFP_dfp_cia_aberta_BPA_ind_2025.csv,27669,BPA_IND,?,-1,0,ERROR,,sampled_from_type
MULT3_DFP_dfp_cia_aberta_BPP_con_2025.csv,52371,BPP_CON,?,-1,0,ERROR,,sampled_from_type
MULT3_DFP_dfp_cia_aberta_BPP_ind_2025.csv,51158,BPP_IND,?,-1,0,ERROR,,sampled_from_type
MULT3_ITR_itr_cia_aberta_2025.csv,954,INDEX_ITR,?,-1,0,ERROR,,sampled_from_type
MULT3_ITR_itr_cia_aberta_BPA_con_2025.csv,81797,BPA_CON,?,-1,0,ERROR,,sampled_from_type
MULT3_ITR_itr_cia_aberta_BPA_ind_2025.csv,82723,BPA_IND,?,-1,0,ERROR,,sampled_from_type
MULT3_ITR_itr_cia_aberta_BPP_con_2025.csv,156859,BPP_CON,?,-1,0,ERROR,,sampled_from_type
MULT3_ITR_itr_cia_aberta_BPP_ind_2025.csv,153210,BPP_IND,?,-1,0,ERROR,,sampled_from_type
NTCO3_DFP_dfp_cia_aberta_2025.csv,282,INDEX_DFP,?,-1,0,ERROR,,sampled_from_type
NTCO3_DFP_dfp_cia_aberta_BPA_con_2025.csv,27668,BPA_CON,?,-1,0,ERROR,,sampled_from_type
NTCO3_DFP_dfp_cia_aberta_BPA_ind_2025.csv,27539,BPA_IND,?,-1,0,ERROR,,sampled_from_type
NTCO3_DFP_dfp_cia_aberta_BPP_con_2025.csv,46658,BPP_CON,?,-1,0,ERROR,,sampled_from_type
NTCO3_DFP_dfp_cia_aberta_BPP_ind_2025.csv,47148,BPP_IND,?,-1,0,ERROR,,sampled_from_type
NTCO3_ITR_itr_cia_aberta_2025.csv,690,INDEX_ITR,?,-1,0,ERROR,,sampled_from_type
NTCO3_ITR_itr_cia_aberta_BPA_con_2025.csv,82755,BPA_CON,?,-1,0,ERROR,,sampled_from_type
NTCO3_ITR_itr_cia_aberta_BPA_ind_2025.csv,82375,BPA_IND,?,-1,0,ERROR,,sampled_from_type
NTCO3_ITR_itr_cia_aberta_BPP_con_2025.csv,139691,BPP_CON,?,-1,0,ERROR,,sampled_from_type
NTCO3_ITR_itr_cia_aberta_BPP_ind_2025.csv,141161,BPP_IND,?,-1,0,ERROR,,sampled_from_type
PCAR3_DFP_dfp_cia_aberta_2025.csv,289,INDEX_DFP,?,-1,0,ERROR,,sampled_from_type
PCAR3_DFP_dfp_cia_aberta_BPA_con_2025.csv,27247,BPA_CON,?,-1,0,ERROR,,sampled_from_type
PCAR3_DFP_dfp_cia_aberta_BPA_ind_2025.csv,29539,BPA_IND,?,-1,0,ERROR,,sampled_from_type
PCAR3_DFP_dfp_cia_aberta_BPP_con_2025.csv,52126,BPP_CON,?,-1,0,ERROR,,sampled_from_type
PCAR3_DFP_dfp_cia_aberta_BPP_ind_2025.csv,51799,BPP_IND,?,-1,0,ERROR,,sampled_from_type
PCAR3_ITR_itr_cia_aberta_2025.csv,711,INDEX_ITR,?,-1,0,ERROR,,sampled_from_type
PCAR3_ITR_itr_cia_aberta_BPA_con_2025.csv,81476,BPA_CON,?,-1,0,ERROR,,sampled_from_type
PCAR3_ITR_itr_cia_aberta_BPA_ind_2025.csv,87132,BPA_IND,?,-1,0,ERROR,,sampled_from_type
PCAR3_ITR_itr_cia_aberta_BPP_con_2025.csv,156114,BPP_CON,?,-1,0,ERROR,,sampled_from_type
PCAR3_ITR_itr_cia_aberta_BPP_ind_2025.csv,155099,BPP_IND,?,-1,0,ERROR,,sampled_from_type
PETR4_DFP_dfp_cia_aberta_2025.csv,293,INDEX_DFP,?,-1,0,ERROR,,sampled_from_type
PETR4_DFP_dfp_cia_aberta_BPA_con_2025.csv,28126,BPA_CON,?,-1,0,ERROR,,sampled_from_type
PETR4_DFP_dfp_cia_aberta_BPA_ind_2025.csv,28018,BPA_IND,?,-1,0,ERROR,,sampled_from_type
PETR4_DFP_dfp_cia_aberta_BPP_con_2025.csv,46414,BPP_CON,?,-1,0,ERROR,,sampled_from_type
PETR4_DFP_dfp_cia_aberta_BPP_ind_2025.csv,46535,BPP_IND,?,-1,0,ERROR,,sampled_from_type
PETR4_ITR_itr_cia_aberta_2025.csv,938,INDEX_ITR,?,-1,0,ERROR,,sampled_from_type
PETR4_ITR_itr_cia_aberta_BPA_con_2025.csv,80596,BPA_CON,?,-1,0,ERROR,,sampled_from_type
PETR4_ITR_itr_cia_aberta_BPA_ind_2025.csv,81554,BPA_IND,?,-1,0,ERROR,,sampled_from_type
PETR4_ITR_itr_cia_aberta_BPP_con_2025.csv,138886,BPP_CON,?,-1,0,ERROR,,sampled_from_type
PETR4_ITR_itr_cia_aberta_BPP_ind_2025.csv,139244,BPP_IND,?,-1,0,ERROR,,sampled_from_type
PETZ3_DFP_dfp_cia_aberta_2025.csv,302,INDEX_DFP,?,-1,0,ERROR,,sampled_from_type
PETZ3_DFP_dfp_cia_aberta_BPA_con_2025.csv,27545,BPA_CON,?,-1,0,ERROR,,sampled_from_type
PETZ3_DFP_dfp_cia_aberta_BPA_ind_2025.csv,27892,BPA_IND,?,-1,0,ERROR,,sampled_from_type
PETZ3_DFP_dfp_cia_aberta_BPP_con_2025.csv,47632,BPP_CON,?,-1,0,ERROR,,sampled_from_type
PETZ3_DFP_dfp_cia_aberta_BPP_ind_2025.csv,47719,BPP_IND,?,-1,0,ERROR,,sampled_from_type
PETZ3_ITR_itr_cia_aberta_2025.csv,750,INDEX_ITR,?,-1,0,ERROR,,sampled_from_type
PETZ3_ITR_itr_cia_aberta_BPA_con_2025.csv,82356,BPA_CON,?,-1,0,ERROR,,sampled_from_type
PETZ3_ITR_itr_cia_aberta_BPA_ind_2025.csv,83397,BPA_IND,?,-1,0,ERROR,,sampled_from_type
PETZ3_ITR_itr_cia_aberta_BPP_con_2025.csv,142623,BPP_CON,?,-1,0,ERROR,,sampled_from_type
PETZ3_ITR_itr_cia_aberta_BPP_ind_2025.csv,142868,BPP_IND,?,-1,0,ERROR,,sampled_from_type
PINE4_DFP_dfp_cia_aberta_2025.csv,657,INDEX_DFP,?,-1,0,ERROR,,sampled_from_type
PINE4_DFP_dfp_cia_aberta_BPA_con_2025.csv,16838,BPA_CON,?,-1,0,ERROR,,sampled_from_type
PINE4_DFP_dfp_cia_aberta_BPA_ind_2025.csv,20509,BPA_IND,?,-1,0,ERROR,,sampled_from_type
PINE4_DFP_dfp_cia_aberta_BPP_con_2025.csv,14374,BPP_CON,?,-1,0,ERROR,,sampled_from_type
PINE4_DFP_dfp_cia_aberta_BPP_ind_2025.csv,21954,BPP_IND,?,-1,0,ERROR,,sampled_from_type
PINE4_ITR_itr_cia_aberta_2025.csv,1236,INDEX_ITR,?,-1,0,ERROR,,sampled_from_type
PINE4_ITR_itr_cia_aberta_BPA_con_2025.csv,50987,BPA_CON,?,-1,0,ERROR,,sampled_from_type
PINE4_ITR_itr_cia_aberta_BPA_ind_2025.csv,56047,BPA_IND,?,-1,0,ERROR,,sampled_from_type
PINE4_ITR_itr_cia_aberta_BPP_con_2025.csv,42852,BPP_CON,?,-1,0,ERROR,,sampled_from_type
PINE4_ITR_itr_cia_aberta_BPP_ind_2025.csv,56867,BPP_IND,?,-1,0,ERROR,,sampled_from_type
POMO4_DFP_dfp_cia_aberta_2025.csv,273,INDEX_DFP,?,-1,0,ERROR,,sampled_from_type
POMO4_DFP_dfp_cia_aberta_BPA_con_2025.csv,22939,BPA_CON,?,-1,0,ERROR,,sampled_from_type
POMO4_DFP_dfp_cia_aberta_BPA_ind_2025.csv,23210,BPA_IND,?,-1,0,ERROR,,sampled_from_type
POMO4_DFP_dfp_cia_aberta_BPP_con_2025.csv,42302,BPP_CON,?,-1,0,ERROR,,sampled_from_type
POMO4_DFP_dfp_cia_aberta_BPP_ind_2025.csv,42410,BPP_IND,?,-1,0,ERROR,,sampled_from_type
POMO4_ITR_itr_cia_aberta_2025.csv,663,INDEX_ITR,?,-1,0,ERROR,,sampled_from_type
POMO4_ITR_itr_cia_aberta_BPA_con_2025.csv,68553,BPA_CON,?,-1,0,ERROR,,sampled_from_type
POMO4_ITR_itr_cia_aberta_BPA_ind_2025.csv,69358,BPA_IND,?,-1,0,ERROR,,sampled_from_type
POMO4_ITR_itr_cia_aberta_BPP_con_2025.csv,126631,BPP_CON,?,-1,0,ERROR,,sampled_from_type
POMO4_ITR_itr_cia_aberta_BPP_ind_2025.csv,126955,BPP_IND,?,-1,0,ERROR,,sampled_from_type
PRIO3_DFP_dfp_cia_aberta_2025.csv,268,INDEX_DFP,?,-1,0,ERROR,,sampled_from_type
PRIO3_DFP_dfp_cia_aberta_BPA_con_2025.csv,24367,BPA_CON,?,-1,0,ERROR,,sampled_from_type
PRIO3_DFP_dfp_cia_aberta_BPA_ind_2025.csv,21943,BPA_IND,?,-1,0,ERROR,,sampled_from_type
PRIO3_DFP_dfp_cia_aberta_BPP_con_2025.csv,44679,BPP_CON,?,-1,0,ERROR,,sampled_from_type
PRIO3_DFP_dfp_cia_aberta_BPP_ind_2025.csv,42241,BPP_IND,?,-1,0,ERROR,,sampled_from_type
PRIO3_ITR_itr_cia_aberta_2025.csv,648,INDEX_ITR,?,-1,0,ERROR,,sampled_from_type
PRIO3_ITR_itr_cia_aberta_BPA_con_2025.csv,72838,BPA_CON,?,-1,0,ERROR,,sampled_from_type
PRIO3_ITR_itr_cia_aberta_BPA_ind_2025.csv,65563,BPA_IND,?,-1,0,ERROR,,sampled_from_type
PRIO3_ITR_itr_cia_aberta_BPP_con_2025.csv,131419,BPP_CON,?,-1,0,ERROR,,sampled_from_type
PRIO3_ITR_itr_cia_aberta_BPP_ind_2025.csv,124117,BPP_IND,?,-1,0,ERROR,,sampled_from_type
PSSA3_DFP_dfp_cia_aberta_2025.csv,276,INDEX_DFP,?,-1,0,ERROR,,sampled_from_type
PSSA3_DFP_dfp_cia_aberta_BPA_con_2025.csv,29607,BPA_CON,?,-1,0,ERROR,,sampled_from_type
PSSA3_DFP_dfp_cia_aberta_BPA_ind_2025.csv,24713,BPA_IND,?,-1,0,ERROR,,sampled_from_type
PSSA3_DFP_dfp_cia_aberta_BPP_con_2025.csv,45461,BPP_CON,?,-1,0,ERROR,,sampled_from_type
PSSA3_DFP_dfp_cia_aberta_BPP_ind_2025.csv,43052,BPP_IND,?,-1,0,ERROR,,sampled_from_type
PSSA3_ITR_itr_cia_aberta_2025.csv,672,INDEX_ITR,?,-1,0,ERROR,,sampled_from_type
PSSA3_ITR_itr_cia_aberta_BPA_con_2025.csv,88976,BPA_CON,?,-1,0,ERROR,,sampled_from_type
PSSA3_ITR_itr_cia_aberta_BPA_ind_2025.csv,73857,BPA_IND,?,-1,0,ERROR,,sampled_from_type
PSSA3_ITR_itr_cia_aberta_BPP_con_2025.csv,136105,BPP_CON,?,-1,0,ERROR,,sampled_from_type
PSSA3_ITR_itr_cia_aberta_BPP_ind_2025.csv,128893,BPP_IND,?,-1,0,ERROR,,sampled_from_type
RADL3_DFP_dfp_cia_aberta_2025.csv,277,INDEX_DFP,?,-1,0,ERROR,,sampled_from_type
RADL3_DFP_dfp_cia_aberta_BPA_con_2025.csv,26822,BPA_CON,?,-1,0,ERROR,,sampled_from_type
RADL3_DFP_dfp_cia_aberta_BPA_ind_2025.csv,27102,BPA_IND,?,-1,0,ERROR,,sampled_from_type
RADL3_DFP_dfp_cia_aberta_BPP_con_2025.csv,47703,BPP_CON,?,-1,0,ERROR,,sampled_from_type
RADL3_DFP_dfp_cia_aberta_BPP_ind_2025.csv,48115,BPP_IND,?,-1,0,ERROR,,sampled_from_type
RADL3_ITR_itr_cia_aberta_2025.csv,675,INDEX_ITR,?,-1,0,ERROR,,sampled_from_type
RADL3_ITR_itr_cia_aberta_BPA_con_2025.csv,80192,BPA_CON,?,-1,0,ERROR,,sampled_from_type
RADL3_ITR_itr_cia_aberta_BPA_ind_2025.csv,81045,BPA_IND,?,-1,0,ERROR,,sampled_from_type
RADL3_ITR_itr_cia_aberta_BPP_con_2025.csv,140878,BPP_CON,?,-1,0,ERROR,,sampled_from_type
RADL3_ITR_itr_cia_aberta_BPP_ind_2025.csv,141785,BPP_IND,?,-1,0,ERROR,,sampled_from_type
RAIL3_DFP_dfp_cia_aberta_2025.csv,268,INDEX_DFP,?,-1,0,ERROR,,sampled_from_type
RAIL3_DFP_dfp_cia_aberta_BPA_con_2025.csv,26371,BPA_CON,?,-1,0,ERROR,,sampled_from_type
RAIL3_DFP_dfp_cia_aberta_BPA_ind_2025.csv,26547,BPA_IND,?,-1,0,ERROR,,sampled_from_type
RAIL3_DFP_dfp_cia_aberta_BPP_con_2025.csv,45220,BPP_CON,?,-1,0,ERROR,,sampled_from_type
RAIL3_DFP_dfp_cia_aberta_BPP_ind_2025.csv,44754,BPP_IND,?,-1,0,ERROR,,sampled_from_type
RAIL3_ITR_itr_cia_aberta_2025.csv,648,INDEX_ITR,?,-1,0,ERROR,,sampled_from_type
RAIL3_ITR_itr_cia_aberta_BPA_con_2025.csv,83286,BPA_CON,?,-1,0,ERROR,,sampled_from_type
RAIL3_ITR_itr_cia_aberta_BPA_ind_2025.csv,79369,BPA_IND,?,-1,0,ERROR,,sampled_from_type
RAIL3_ITR_itr_cia_aberta_BPP_con_2025.csv,135654,BPP_CON,?,-1,0,ERROR,,sampled_from_type
RAIL3_ITR_itr_cia_aberta_BPP_ind_2025.csv,133174,BPP_IND,?,-1,0,ERROR,,sampled_from_type
RAIZ4_DFP_dfp_cia_aberta_2025.csv,278,INDEX_DFP,?,-1,0,ERROR,,sampled_from_type
RAIZ4_DFP_dfp_cia_aberta_BPA_con_2025.csv,27784,BPA_CON,?,-1,0,ERROR,,sampled_from_type
RAIZ4_DFP_dfp_cia_aberta_BPA_ind_2025.csv,29645,BPA_IND,?,-1,0,ERROR,,sampled_from_type
RAIZ4_DFP_dfp_cia_aberta_BPP_con_2025.csv,43908,BPP_CON,?,-1,0,ERROR,,sampled_from_type
RAIZ4_DFP_dfp_cia_aberta_BPP_ind_2025.csv,43949,BPP_IND,?,-1,0,ERROR,,sampled_from_type
RAIZ4_ITR_itr_cia_aberta_2025.csv,678,INDEX_ITR,?,-1,0,ERROR,,sampled_from_type
RAIZ4_ITR_itr_cia_aberta_BPA_con_2025.csv,83092,BPA_CON,?,-1,0,ERROR,,sampled_from_type
RAIZ4_ITR_itr_cia_aberta_BPA_ind_2025.csv,88666,BPA_IND,?,-1,0,ERROR,,sampled_from_type
RAIZ4_ITR_itr_cia_aberta_BPP_con_2025.csv,132679,BPP_CON,?,-1,0,ERROR,,sampled_from_type
RAIZ4_ITR_itr_cia_aberta_BPP_ind_2025.csv,131525,BPP_IND,?,-1,0,ERROR,,sampled_from_type
RDOR3_DFP_dfp_cia_aberta_2025.csv,283,INDEX_DFP,?,-1,0,ERROR,,sampled_from_type
RDOR3_DFP_dfp_cia_aberta_BPA_con_2025.csv,30068,BPA_CON,?,-1,0,ERROR,,sampled_from_type
RDOR3_DFP_dfp_cia_aberta_BPA_ind_2025.csv,25880,BPA_IND,?,-1,0,ERROR,,sampled_from_type
RDOR3_DFP_dfp_cia_aberta_BPP_con_2025.csv,46312,BPP_CON,?,-1,0,ERROR,,sampled_from_type
RDOR3_DFP_dfp_cia_aberta_BPP_ind_2025.csv,45933,BPP_IND,?,-1,0,ERROR,,sampled_from_type
RDOR3_ITR_itr_cia_aberta_2025.csv,693,INDEX_ITR,?,-1,0,ERROR,,sampled_from_type
RDOR3_ITR_itr_cia_aberta_BPA_con_2025.csv,90808,BPA_CON,?,-1,0,ERROR,,sampled_from_type
RDOR3_ITR_itr_cia_aberta_BPA_ind_2025.csv,78220,BPA_IND,?,-1,0,ERROR,,sampled_from_type
RDOR3_ITR_itr_cia_aberta_BPP_con_2025.csv,139562,BPP_CON,?,-1,0,ERROR,,sampled_from_type
RDOR3_ITR_itr_cia_aberta_BPP_ind_2025.csv,137539,BPP_IND,?,-1,0,ERROR,,sampled_from_type
RECV3_DFP_dfp_cia_aberta_2025.csv,279,INDEX_DFP,?,-1,0,ERROR,,sampled_from_type
RECV3_DFP_dfp_cia_aberta_BPA_con_2025.csv,26874,BPA_CON,?,-1,0,ERROR,,sampled_from_type
RECV3_DFP_dfp_cia_aberta_BPA_ind_2025.csv,27185,BPA_IND,?,-1,0,ERROR,,sampled_from_type
RECV3_DFP_dfp_cia_aberta_BPP_con_2025.csv,47865,BPP_CON,?,-1,0,ERROR,,sampled_from_type
RECV3_DFP_dfp_cia_aberta_BPP_ind_2025.csv,48345,BPP_IND,?,-1,0,ERROR,,sampled_from_type
RECV3_ITR_itr_cia_aberta_2025.csv,681,INDEX_ITR,?,-1,0,ERROR,,sampled_from_type
RECV3_ITR_itr_cia_aberta_BPA_con_2025.csv,80325,BPA_CON,?,-1,0,ERROR,,sampled_from_type
RECV3_ITR_itr_cia_aberta_BPA_ind_2025.csv,81252,BPA_IND,?,-1,0,ERROR,,sampled_from_type
RECV3_ITR_itr_cia_aberta_BPP_con_2025.csv,142154,BPP_CON,?,-1,0,ERROR,,sampled_from_type
RECV3_ITR_itr_cia_aberta_BPP_ind_2025.csv,143601,BPP_IND,?,-1,0,ERROR,,sampled_from_type
RENT3_DFP_dfp_cia_aberta_2025.csv,283,INDEX_DFP,?,-1,0,ERROR,,sampled_from_type
RENT3_DFP_dfp_cia_aberta_BPA_con_2025.csv,28946,BPA_CON,?,-1,0,ERROR,,sampled_from_type
RENT3_DFP_dfp_cia_aberta_BPA_ind_2025.csv,26481,BPA_IND,?,-1,0,ERROR,,sampled_from_type
RENT3_DFP_dfp_cia_aberta_BPP_con_2025.csv,45808,BPP_CON,?,-1,0,ERROR,,sampled_from_type
RENT3_DFP_dfp_cia_aberta_BPP_ind_2025.csv,44475,BPP_IND,?,-1,0,ERROR,,sampled_from_type
RENT3_ITR_itr_cia_aberta_2025.csv,693,INDEX_ITR,?,-1,0,ERROR,,sampled_from_type
RENT3_ITR_itr_cia_aberta_BPA_con_2025.csv,85272,BPA_CON,?,-1,0,ERROR,,sampled_from_type
RENT3_ITR_itr_cia_aberta_BPA_ind_2025.csv,79900,BPA_IND,?,-1,0,ERROR,,sampled_from_type
RENT3_ITR_itr_cia_aberta_BPP_con_2025.csv,135731,BPP_CON,?,-1,0,ERROR,,sampled_from_type
RENT3_ITR_itr_cia_aberta_BPP_ind_2025.csv,133151,BPP_IND,?,-1,0,ERROR,,sampled_from_type
SANB11_DFP_dfp_cia_aberta_2025.csv,494,INDEX_DFP,?,-1,0,ERROR,,sampled_from_type
SANB11_DFP_dfp_cia_aberta_BPA_con_2025.csv,16452,BPA_CON,?,-1,0,ERROR,,sampled_from_type
SANB11_DFP_dfp_cia_aberta_BPA_ind_2025.csv,20190,BPA_IND,?,-1,0,ERROR,,sampled_from_type
SANB11_DFP_dfp_cia_aberta_BPP_con_2025.csv,15497,BPP_CON,?,-1,0,ERROR,,sampled_from_type
SANB11_DFP_dfp_cia_aberta_BPP_ind_2025.csv,19523,BPP_IND,?,-1,0,ERROR,,sampled_from_type
SANB11_ITR_itr_cia_aberta_2025.csv,910,INDEX_ITR,?,-1,0,ERROR,,sampled_from_type
SANB11_ITR_itr_cia_aberta_BPA_con_2025.csv,40669,BPA_CON,?,-1,0,ERROR,,sampled_from_type
SANB11_ITR_itr_cia_aberta_BPA_ind_2025.csv,45825,BPA_IND,?,-1,0,ERROR,,sampled_from_type
SANB11_ITR_itr_cia_aberta_BPP_con_2025.csv,61898,BPP_CON,?,-1,0,ERROR,,sampled_from_type
SANB11_ITR_itr_cia_aberta_BPP_ind_2025.csv,49252,BPP_IND,?,-1,0,ERROR,,sampled_from_type
SBSP3_DFP_dfp_cia_aberta_2025.csv,510,INDEX_DFP,?,-1,0,ERROR,,sampled_from_type
SBSP3_DFP_dfp_cia_aberta_BPA_con_2025.csv,27024,BPA_CON,?,-1,0,ERROR,,sampled_from_type
SBSP3_DFP_dfp_cia_aberta_BPA_ind_2025.csv,27355,BPA_IND,?,-1,0,ERROR,,sampled_from_type
SBSP3_DFP_dfp_cia_aberta_BPP_con_2025.csv,51691,BPP_CON,?,-1,0,ERROR,,sampled_from_type
SBSP3_DFP_dfp_cia_aberta_BPP_ind_2025.csv,51794,BPP_IND,?,-1,0,ERROR,,sampled_from_type
SBSP3_ITR_itr_cia_aberta_2025.csv,942,INDEX_ITR,?,-1,0,ERROR,,sampled_from_type
SBSP3_ITR_itr_cia_aberta_BPA_con_2025.csv,85714,BPA_CON,?,-1,0,ERROR,,sampled_from_type
SBSP3_ITR_itr_cia_aberta_BPA_ind_2025.csv,85823,BPA_IND,?,-1,0,ERROR,,sampled_from_type
SBSP3_ITR_itr_cia_aberta_BPP_con_2025.csv,158261,BPP_CON,?,-1,0,ERROR,,sampled_from_type
SBSP3_ITR_itr_cia_aberta_BPP_ind_2025.csv,161601,BPP_IND,?,-1,0,ERROR,,sampled_from_type
SLCE3_DFP_dfp_cia_aberta_2025.csv,276,INDEX_DFP,?,-1,0,ERROR,,sampled_from_type
SLCE3_DFP_dfp_cia_aberta_BPA_con_2025.csv,27042,BPA_CON,?,-1,0,ERROR,,sampled_from_type
SLCE3_DFP_dfp_cia_aberta_BPA_ind_2025.csv,26548,BPA_IND,?,-1,0,ERROR,,sampled_from_type
SLCE3_DFP_dfp_cia_aberta_BPP_con_2025.csv,46438,BPP_CON,?,-1,0,ERROR,,sampled_from_type
SLCE3_DFP_dfp_cia_aberta_BPP_ind_2025.csv,46115,BPP_IND,?,-1,0,ERROR,,sampled_from_type
SLCE3_ITR_itr_cia_aberta_2025.csv,1068,INDEX_ITR,?,-1,0,ERROR,,sampled_from_type
SLCE3_ITR_itr_cia_aberta_BPA_con_2025.csv,80422,BPA_CON,?,-1,0,ERROR,,sampled_from_type
SLCE3_ITR_itr_cia_aberta_BPA_ind_2025.csv,78939,BPA_IND,?,-1,0,ERROR,,sampled_from_type
SLCE3_ITR_itr_cia_aberta_BPP_con_2025.csv,136613,BPP_CON,?,-1,0,ERROR,,sampled_from_type
SLCE3_ITR_itr_cia_aberta_BPP_ind_2025.csv,137271,BPP_IND,?,-1,0,ERROR,,sampled_from_type
SMTO3_DFP_dfp_cia_aberta_2025.csv,276,INDEX_DFP,?,-1,0,ERROR,,sampled_from_type
SMTO3_DFP_dfp_cia_aberta_BPA_con_2025.csv,27423,BPA_CON,?,-1,0,ERROR,,sampled_from_type
SMTO3_DFP_dfp_cia_aberta_BPA_ind_2025.csv,28810,BPA_IND,?,-1,0,ERROR,,sampled_from_type
SMTO3_DFP_dfp_cia_aberta_BPP_con_2025.csv,46243,BPP_CON,?,-1,0,ERROR,,sampled_from_type
SMTO3_DFP_dfp_cia_aberta_BPP_ind_2025.csv,46668,BPP_IND,?,-1,0,ERROR,,sampled_from_type
SMTO3_ITR_itr_cia_aberta_2025.csv,672,INDEX_ITR,?,-1,0,ERROR,,sampled_from_type
SMTO3_ITR_itr_cia_aberta_BPA_con_2025.csv,81989,BPA_CON,?,-1,0,ERROR,,sampled_from_type
SMTO3_ITR_itr_cia_aberta_BPA_ind_2025.csv,86138,BPA_IND,?,-1,0,ERROR,,sampled_from_type
SMTO3_ITR_itr_cia_aberta_BPP_con_2025.csv,138441,BPP_CON,?,-1,0,ERROR,,sampled_from_type
SMTO3_ITR_itr_cia_aberta_BPP_ind_2025.csv,139716,BPP_IND,?,-1,0,ERROR,,sampled_from_type
STBP3_DFP_dfp_cia_aberta_2025.csv,291,INDEX_DFP,?,-1,0,ERROR,,sampled_from_type
STBP3_DFP_dfp_cia_aberta_BPA_con_2025.csv,25774,BPA_CON,?,-1,0,ERROR,,sampled_from_type
STBP3_DFP_dfp_cia_aberta_BPA_ind_2025.csv,26139,BPA_IND,?,-1,0,ERROR,,sampled_from_type
STBP3_DFP_dfp_cia_aberta_BPP_con_2025.csv,53299,BPP_CON,?,-1,0,ERROR,,sampled_from_type
STBP3_DFP_dfp_cia_aberta_BPP_ind_2025.csv,50411,BPP_IND,?,-1,0,ERROR,,sampled_from_type
STBP3_ITR_itr_cia_aberta_2025.csv,717,INDEX_ITR,?,-1,0,ERROR,,sampled_from_type
STBP3_ITR_itr_cia_aberta_BPA_con_2025.csv,77053,BPA_CON,?,-1,0,ERROR,,sampled_from_type
STBP3_ITR_itr_cia_aberta_BPA_ind_2025.csv,78133,BPA_IND,?,-1,0,ERROR,,sampled_from_type
STBP3_ITR_itr_cia_aberta_BPP_con_2025.csv,159627,BPP_CON,?,-1,0,ERROR,,sampled_from_type
STBP3_ITR_itr_cia_aberta_BPP_ind_2025.csv,150961,BPP_IND,?,-1,0,ERROR,,sampled_from_type
SUZB3_DFP_dfp_cia_aberta_2025.csv,270,INDEX_DFP,?,-1,0,ERROR,,sampled_from_type
SUZB3_DFP_dfp_cia_aberta_BPA_con_2025.csv,29597,BPA_CON,?,-1,0,ERROR,,sampled_from_type
SUZB3_DFP_dfp_cia_aberta_BPA_ind_2025.csv,28807,BPA_IND,?,-1,0,ERROR,,sampled_from_type
SUZB3_DFP_dfp_cia_aberta_BPP_con_2025.csv,48128,BPP_CON,?,-1,0,ERROR,,sampled_from_type
SUZB3_DFP_dfp_cia_aberta_BPP_ind_2025.csv,47862,BPP_IND,?,-1,0,ERROR,,sampled_from_type
SUZB3_ITR_itr_cia_aberta_2025.csv,654,INDEX_ITR,?,-1,0,ERROR,,sampled_from_type
SUZB3_ITR_itr_cia_aberta_BPA_con_2025.csv,87299,BPA_CON,?,-1,0,ERROR,,sampled_from_type
SUZB3_ITR_itr_cia_aberta_BPA_ind_2025.csv,84978,BPA_IND,?,-1,0,ERROR,,sampled_from_type
SUZB3_ITR_itr_cia_aberta_BPP_con_2025.csv,144326,BPP_CON,?,-1,0,ERROR,,sampled_from_type
SUZB3_ITR_itr_cia_aberta_BPP_ind_2025.csv,143616,BPP_IND,?,-1,0,ERROR,,sampled_from_type
TAEE11_DFP_dfp_cia_aberta_2025.csv,306,INDEX_DFP,?,-1,0,ERROR,,sampled_from_type
TAEE11_DFP_dfp_cia_aberta_BPA_con_2025.csv,32394,BPA_CON,?,-1,0,ERROR,,sampled_from_type
TAEE11_DFP_dfp_cia_aberta_BPA_ind_2025.csv,31361,BPA_IND,?,-1,0,ERROR,,sampled_from_type
TAEE11_DFP_dfp_cia_aberta_BPP_con_2025.csv,51224,BPP_CON,?,-1,0,ERROR,,sampled_from_type
TAEE11_DFP_dfp_cia_aberta_BPP_ind_2025.csv,50063,BPP_IND,?,-1,0,ERROR,,sampled_from_type
TAEE11_ITR_itr_cia_aberta_2025.csv,762,INDEX_ITR,?,-1,0,ERROR,,sampled_from_type
TAEE11_ITR_itr_cia_aberta_BPA_con_2025.csv,96909,BPA_CON,?,-1,0,ERROR,,sampled_from_type
TAEE11_ITR_itr_cia_aberta_BPA_ind_2025.csv,93812,BPA_IND,?,-1,0,ERROR,,sampled_from_type
TAEE11_ITR_itr_cia_aberta_BPP_con_2025.csv,154805,BPP_CON,?,-1,0,ERROR,,sampled_from_type
TAEE11_ITR_itr_cia_aberta_BPP_ind_2025.csv,150846,BPP_IND,?,-1,0,ERROR,,sampled_from_type
TIMS3_DFP_dfp_cia_aberta_2025.csv,267,INDEX_DFP,?,-1,0,ERROR,,sampled_from_type
TIMS3_DFP_dfp_cia_aberta_BPA_con_2025.csv,25778,BPA_CON,?,-1,0,ERROR,,sampled_from_type
TIMS3_DFP_dfp_cia_aberta_BPA_ind_2025.csv,27292,BPA_IND,?,-1,0,ERROR,,sampled_from_type
TIMS3_DFP_dfp_cia_aberta_BPP_con_2025.csv,42782,BPP_CON,?,-1,0,ERROR,,sampled_from_type
TIMS3_DFP_dfp_cia_aberta_BPP_ind_2025.csv,43722,BPP_IND,?,-1,0,ERROR,,sampled_from_type
TIMS3_ITR_itr_cia_aberta_2025.csv,834,INDEX_ITR,?,-1,0,ERROR,,sampled_from_type
TIMS3_ITR_itr_cia_aberta_BPA_ind_2025.csv,81593,BPA_IND,?,-1,0,ERROR,,sampled_from_type
TIMS3_ITR_itr_cia_aberta_BPP_ind_2025.csv,131231,BPP_IND,?,-1,0,ERROR,,sampled_from_type
TOTS3_DFP_dfp_cia_aberta_2025.csv,269,INDEX_DFP,?,-1,0,ERROR,,sampled_from_type
TOTS3_DFP_dfp_cia_aberta_BPA_con_2025.csv,25822,BPA_CON,?,-1,0,ERROR,,sampled_from_type
TOTS3_DFP_dfp_cia_aberta_BPA_ind_2025.csv,26081,BPA_IND,?,-1,0,ERROR,,sampled_from_type
TOTS3_DFP_dfp_cia_aberta_BPP_con_2025.csv,45250,BPP_CON,?,-1,0,ERROR,,sampled_from_type
TOTS3_DFP_dfp_cia_aberta_BPP_ind_2025.csv,44551,BPP_IND,?,-1,0,ERROR,,sampled_from_type
TOTS3_ITR_itr_cia_aberta_2025.csv,651,INDEX_ITR,?,-1,0,ERROR,,sampled_from_type
TOTS3_ITR_itr_cia_aberta_BPA_con_2025.csv,76810,BPA_CON,?,-1,0,ERROR,,sampled_from_type
TOTS3_ITR_itr_cia_aberta_BPA_ind_2025.csv,77580,BPA_IND,?,-1,0,ERROR,,sampled_from_type
TOTS3_ITR_itr_cia_aberta_BPP_con_2025.csv,134179,BPP_CON,?,-1,0,ERROR,,sampled_from_type
TOTS3_ITR_itr_cia_aberta_BPP_ind_2025.csv,132053,BPP_IND,?,-1,0,ERROR,,sampled_from_type
UGPA3_DFP_dfp_cia_aberta_2025.csv,286,INDEX_DFP,?,-1,0,ERROR,,sampled_from_type
UGPA3_DFP_dfp_cia_aberta_BPA_con_2025.csv,32070,BPA_CON,?,-1,0,ERROR,,sampled_from_type
UGPA3_DFP_dfp_cia_aberta_BPA_ind_2025.csv,26856,BPA_IND,?,-1,0,ERROR,,sampled_from_type
UGPA3_DFP_dfp_cia_aberta_BPP_con_2025.csv,51511,BPP_CON,?,-1,0,ERROR,,sampled_from_type
UGPA3_DFP_dfp_cia_aberta_BPP_ind_2025.csv,44691,BPP_IND,?,-1,0,ERROR,,sampled_from_type
UGPA3_ITR_itr_cia_aberta_2025.csv,702,INDEX_ITR,?,-1,0,ERROR,,sampled_from_type
UGPA3_ITR_itr_cia_aberta_BPA_con_2025.csv,95089,BPA_CON,?,-1,0,ERROR,,sampled_from_type
UGPA3_ITR_itr_cia_aberta_BPA_ind_2025.csv,80238,BPA_IND,?,-1,0,ERROR,,sampled_from_type
UGPA3_ITR_itr_cia_aberta_BPP_con_2025.csv,153629,BPP_CON,?,-1,0,ERROR,,sampled_from_type
UGPA3_ITR_itr_cia_aberta_BPP_ind_2025.csv,134371,BPP_IND,?,-1,0,ERROR,,sampled_from_type
USIM5_DFP_dfp_cia_aberta_2025.csv,299,INDEX_DFP,?,-1,0,ERROR,,sampled_from_type
USIM5_DFP_dfp_cia_aberta_BPA_con_2025.csv,32797,BPA_CON,?,-1,0,ERROR,,sampled_from_type
USIM5_DFP_dfp_cia_aberta_BPA_ind_2025.csv,30148,BPA_IND,?,-1,0,ERROR,,sampled_from_type
USIM5_DFP_dfp_cia_aberta_BPP_con_2025.csv,50367,BPP_CON,?,-1,0,ERROR,,sampled_from_type
USIM5_DFP_dfp_cia_aberta_BPP_ind_2025.csv,49120,BPP_IND,?,-1,0,ERROR,,sampled_from_type
USIM5_ITR_itr_cia_aberta_2025.csv,741,INDEX_ITR,?,-1,0,ERROR,,sampled_from_type
USIM5_ITR_itr_cia_aberta_BPA_con_2025.csv,98130,BPA_CON,?,-1,0,ERROR,,sampled_from_type
USIM5_ITR_itr_cia_aberta_BPA_ind_2025.csv,90168,BPA_IND,?,-1,0,ERROR,,sampled_from_type
USIM5_ITR_itr_cia_aberta_BPP_con_2025.csv,150846,BPP_CON,?,-1,0,ERROR,,sampled_from_type
USIM5_ITR_itr_cia_aberta_BPP_ind_2025.csv,147112,BPP_IND,?,-1,0,ERROR,,sampled_from_type
VALE3_DFP_dfp_cia_aberta_2025.csv,458,INDEX_DFP,?,-1,0,ERROR,,sampled_from_type
VALE3_DFP_dfp_cia_aberta_BPA_con_2025.csv,23289,BPA_CON,?,-1,0,ERROR,,sampled_from_type
VALE3_DFP_dfp_cia_aberta_BPA_ind_2025.csv,23944,BPA_IND,?,-1,0,ERROR,,sampled_from_type
VALE3_DFP_dfp_cia_aberta_BPP_con_2025.csv,47068,BPP_CON,?,-1,0,ERROR,,sampled_from_type
VALE3_DFP_dfp_cia_aberta_BPP_ind_2025.csv,46026,BPP_IND,?,-1,0,ERROR,,sampled_from_type
VALE3_ITR_itr_cia_aberta_2025.csv,838,INDEX_ITR,?,-1,0,ERROR,,sampled_from_type
VALE3_ITR_itr_cia_aberta_BPA_con_2025.csv,69597,BPA_CON,?,-1,0,ERROR,,sampled_from_type
VALE3_ITR_itr_cia_aberta_BPA_ind_2025.csv,71562,BPA_IND,?,-1,0,ERROR,,sampled_from_type
VALE3_ITR_itr_cia_aberta_BPP_con_2025.csv,138741,BPP_CON,?,-1,0,ERROR,,sampled_from_type
VALE3_ITR_itr_cia_aberta_BPP_ind_2025.csv,135625,BPP_IND,?,-1,0,ERROR,,sampled_from_type
VBBR3_DFP_dfp_cia_aberta_2025.csv,276,INDEX_DFP,?,-1,0,ERROR,,sampled_from_type
VBBR3_DFP_dfp_cia_aberta_BPA_con_2025.csv,28027,BPA_CON,?,-1,0,ERROR,,sampled_from_type
VBBR3_DFP_dfp_cia_aberta_BPA_ind_2025.csv,27216,BPA_IND,?,-1,0,ERROR,,sampled_from_type
VBBR3_DFP_dfp_cia_aberta_BPP_con_2025.csv,46757,BPP_CON,?,-1,0,ERROR,,sampled_from_type
VBBR3_DFP_dfp_cia_aberta_BPP_ind_2025.csv,45600,BPP_IND,?,-1,0,ERROR,,sampled_from_type
VBBR3_ITR_itr_cia_aberta_2025.csv,672,INDEX_ITR,?,-1,0,ERROR,,sampled_from_type
VBBR3_ITR_itr_cia_aberta_BPA_con_2025.csv,83677,BPA_CON,?,-1,0,ERROR,,sampled_from_type
VBBR3_ITR_itr_cia_aberta_BPA_ind_2025.csv,81259,BPA_IND,?,-1,0,ERROR,,sampled_from_type
VBBR3_ITR_itr_cia_aberta_BPP_con_2025.csv,140378,BPP_CON,?,-1,0,ERROR,,sampled_from_type
VBBR3_ITR_itr_cia_aberta_BPP_ind_2025.csv,137337,BPP_IND,?,-1,0,ERROR,,sampled_from_type
VIVA3_DFP_dfp_cia_aberta_2025.csv,286,INDEX_DFP,?,-1,0,ERROR,,sampled_from_type
VIVA3_DFP_dfp_cia_aberta_BPA_con_2025.csv,30319,BPA_CON,?,-1,0,ERROR,,sampled_from_type
VIVA3_DFP_dfp_cia_aberta_BPA_ind_2025.csv,29523,BPA_IND,?,-1,0,ERROR,,sampled_from_type
VIVA3_DFP_dfp_cia_aberta_BPP_con_2025.csv,55946,BPP_CON,?,-1,0,ERROR,,sampled_from_type
VIVA3_DFP_dfp_cia_aberta_BPP_ind_2025.csv,54886,BPP_IND,?,-1,0,ERROR,,sampled_from_type
VIVA3_ITR_itr_cia_aberta_2025.csv,702,INDEX_ITR,?,-1,0,ERROR,,sampled_from_type
VIVA3_ITR_itr_cia_aberta_BPA_con_2025.csv,90654,BPA_CON,?,-1,0,ERROR,,sampled_from_type
VIVA3_ITR_itr_cia_aberta_BPA_ind_2025.csv,88197,BPA_IND,?,-1,0,ERROR,,sampled_from_type
VIVA3_ITR_itr_cia_aberta_BPP_con_2025.csv,167618,BPP_CON,?,-1,0,ERROR,,sampled_from_type
VIVA3_ITR_itr_cia_aberta_BPP_ind_2025.csv,164262,BPP_IND,?,-1,0,ERROR,,sampled_from_type
VIVT3_DFP_dfp_cia_aberta_2025.csv,281,INDEX_DFP,?,-1,0,ERROR,,sampled_from_type
VIVT3_DFP_dfp_cia_aberta_BPA_con_2025.csv,28945,BPA_CON,?,-1,0,ERROR,,sampled_from_type
VIVT3_DFP_dfp_cia_aberta_BPA_ind_2025.csv,29216,BPA_IND,?,-1,0,ERROR,,sampled_from_type
VIVT3_DFP_dfp_cia_aberta_BPP_con_2025.csv,49753,BPP_CON,?,-1,0,ERROR,,sampled_from_type
VIVT3_DFP_dfp_cia_aberta_BPP_ind_2025.csv,49803,BPP_IND,?,-1,0,ERROR,,sampled_from_type
VIVT3_ITR_itr_cia_aberta_2025.csv,687,INDEX_ITR,?,-1,0,ERROR,,sampled_from_type
VIVT3_ITR_itr_cia_aberta_BPA_con_2025.csv,86510,BPA_CON,?,-1,0,ERROR,,sampled_from_type
VIVT3_ITR_itr_cia_aberta_BPA_ind_2025.csv,87355,BPA_IND,?,-1,0,ERROR,,sampled_from_type
VIVT3_ITR_itr_cia_aberta_BPP_con_2025.csv,147705,BPP_CON,?,-1,0,ERROR,,sampled_from_type
VIVT3_ITR_itr_cia_aberta_BPP_ind_2025.csv,147864,BPP_IND,?,-1,0,ERROR,,sampled_from_type
WEGE3_DFP_dfp_cia_aberta_2025.csv,267,INDEX_DFP,?,-1,0,ERROR,,sampled_from_type
WEGE3_DFP_dfp_cia_aberta_BPA_con_2025.csv,24661,BPA_CON,?,-1,0,ERROR,,sampled_from_type
WEGE3_DFP_dfp_cia_aberta_BPA_ind_2025.csv,22928,BPA_IND,?,-1,0,ERROR,,sampled_from_type
WEGE3_DFP_dfp_cia_aberta_BPP_con_2025.csv,43670,BPP_CON,?,-1,0,ERROR,,sampled_from_type
WEGE3_DFP_dfp_cia_aberta_BPP_ind_2025.csv,40579,BPP_IND,?,-1,0,ERROR,,sampled_from_type
WEGE3_ITR_itr_cia_aberta_2025.csv,645,INDEX_ITR,?,-1,0,ERROR,,sampled_from_type
WEGE3_ITR_itr_cia_aberta_BPA_con_2025.csv,73727,BPA_CON,?,-1,0,ERROR,,sampled_from_type
WEGE3_ITR_itr_cia_aberta_BPA_ind_2025.csv,68892,BPA_IND,?,-1,0,ERROR,,sampled_from_type
WEGE3_ITR_itr_cia_aberta_BPP_con_2025.csv,129668,BPP_CON,?,-1,0,ERROR,,sampled_from_type
WEGE3_ITR_itr_cia_aberta_BPP_ind_2025.csv,119409,BPP_IND,?,-1,0,ERROR,,sampled_from_type
YDUQ3_DFP_dfp_cia_aberta_2025.csv,283,INDEX_DFP,?,-1,0,ERROR,,sampled_from_type
YDUQ3_DFP_dfp_cia_aberta_BPA_con_2025.csv,30878,BPA_CON,?,-1,0,ERROR,,sampled_from_type
YDUQ3_DFP_dfp_cia_aberta_BPA_ind_2025.csv,28310,BPA_IND,?,-1,0,ERROR,,sampled_from_type
YDUQ3_DFP_dfp_cia_aberta_BPP_con_2025.csv,47429,BPP_CON,?,-1,0,ERROR,,sampled_from_type
YDUQ3_DFP_dfp_cia_aberta_BPP_ind_2025.csv,43438,BPP_IND,?,-1,0,ERROR,,sampled_from_type
YDUQ3_ITR_itr_cia_aberta_2025.csv,693,INDEX_ITR,?,-1,0,ERROR,,sampled_from_type
YDUQ3_ITR_itr_cia_aberta_BPA_con_2025.csv,88200,BPA_CON,?,-1,0,ERROR,,sampled_from_type
YDUQ3_ITR_itr_cia_aberta_BPA_ind_2025.csv,83076,BPA_IND,?,-1,0,ERROR,,sampled_from_type
YDUQ3_ITR_itr_cia_aberta_BPP_con_2025.csv,143247,BPP_CON,?,-1,0,ERROR,,sampled_from_type
YDUQ3_ITR_itr_cia_aberta_BPP_ind_2025.csv,132446,BPP_IND,?,-1,0,ERROR,,sampled_from_type
