ticker,ativo_objeto,tipo,strike,vencimento,ultimo_preco,spot,moneyness,adv_volume,negocios_media,prioridade,categoria;;
BBDCF17;;
ENEVR250;;
ENEVR230;;
GGBRR264;;
ITUBG2;;
ITUBS2;;
ITUBG3;;
ITUBR425;;
ITUBF424;;
ITUBT476;;
ITUBT446;;
ITUBF404;;
ITUBG429;;
ITUBQ463W5;;
PETRR502;;
PETRF462;;
PETRR462;;
PETRR454;;
PETRR459;;
PETRR477;;
PETRF477;;
PETRR449;;
PETRR482;;
PETRG45;;
PETRF457;;
PETRL462;;
PETRF469;;
PETRF472;;
PETRR457;;
PETRR472;;
PETRF467;;
PETRR464;;
PETRR447;;
PETRR452;;
PRIOF690;;
PRIOF750;;
VALEF856;;
VALEF866;;
VALES921;;
VALEF861;;
VALEF897;;
VALEF881;;
VALEF896;;
VALER881;;
VALER891;;
VALER897;;
VALEF876;;
VALER876;;
VALER861;;
VALER856;;
VALEF886;;
VALER896;;
VALEF911;;
VALER886;;
VALEF891;;
VALER851;;
ABEVF161;;
ABEVG159;;
B3SAQ213W5;;
B3SAR165;;
B3SAR170;;
B3SAF167;;
B3SAF172;;
B3SAQ203W5;;
B3SAF162;;
B3SAR180;;
BBDCL176;;
BBDCL192;;
BBDCR4;;
BBDCL181;;
BBDCF4;;
BBDCR17;;
BBDCF196;;
BBDCB199;;
BBDCG173;;
BBDCF179;;
BBDCF187;;
BPACF560;;
BPACF540;;
BPACR535;;
